closePosition,closePrice,commission,date,deal_DIRECTION,deal_OFFSET,netPnl,openPosition,positionPnl,previousClose,slippage,totalPnl,tradeCount,tradingPnl,turnover
0,1779.0,0.0,2016-01-04,,,0.0,0,0.0,0.0,0,0.0,0,0.0,0.0
0,1790.0,0.0,2016-01-05,,,0.0,0,0.0,1779.0,0,0.0,0,0.0,0.0
0,1777.0,0.0,2016-01-06,,,0.0,0,-0.0,1790.0,0,0.0,0,0.0,0.0
0,1775.0,0.0,2016-01-07,,,0.0,0,-0.0,1777.0,0,0.0,0,0.0,0.0
0,1761.0,0.0,2016-01-08,,,0.0,0,-0.0,1775.0,0,0.0,0,0.0,0.0
0,1759.0,0.0,2016-01-11,,,0.0,0,-0.0,1761.0,0,0.0,0,0.0,0.0
0,1741.0,0.0,2016-01-12,,,0.0,0,-0.0,1759.0,0,0.0,0,0.0,0.0
0,1741.0,0.0,2016-01-13,,,0.0,0,0.0,1741.0,0,0.0,0,0.0,0.0
0,1759.0,0.0,2016-01-14,,,0.0,0,0.0,1741.0,0,0.0,0,0.0,0.0
0,1778.0,0.0,2016-01-15,,,0.0,0,0.0,1759.0,0,0.0,0,0.0,0.0
0,1827.0,0.0,2016-01-18,,,0.0,0,0.0,1778.0,0,0.0,0,0.0,0.0
0,1840.0,0.0,2016-01-19,,,0.0,0,0.0,1827.0,0,0.0,0,0.0,0.0
0,1818.0,0.0,2016-01-20,,,0.0,0,-0.0,1840.0,0,0.0,0,0.0,0.0
0,1808.0,0.0,2016-01-21,,,0.0,0,-0.0,1818.0,0,0.0,0,0.0,0.0
0,1823.0,0.0,2016-01-22,,,0.0,0,0.0,1808.0,0,0.0,0,0.0,0.0
0,1839.0,0.0,2016-01-25,,,0.0,0,0.0,1823.0,0,0.0,0,0.0,0.0
0,1844.0,0.0,2016-01-26,,,0.0,0,0.0,1839.0,0,0.0,0,0.0,0.0
0,1861.0,0.0,2016-01-27,,,0.0,0,0.0,1844.0,0,0.0,0,0.0,0.0
0,1815.0,0.0,2016-01-28,,,0.0,0,-0.0,1861.0,0,0.0,0,0.0,0.0
0,1814.0,0.0,2016-01-29,,,0.0,0,-0.0,1815.0,0,0.0,0,0.0,0.0
0,1819.0,0.0,2016-02-01,,,0.0,0,0.0,1814.0,0,0.0,0,0.0,0.0
0,1815.0,0.0,2016-02-02,,,0.0,0,-0.0,1819.0,0,0.0,0,0.0,0.0
0,1825.0,0.0,2016-02-03,,,0.0,0,0.0,1815.0,0,0.0,0,0.0,0.0
0,1850.0,0.0,2016-02-04,,,0.0,0,0.0,1825.0,0,0.0,0,0.0,0.0
0,1842.0,0.0,2016-02-05,,,0.0,0,-0.0,1850.0,0,0.0,0,0.0,0.0
0,1871.0,0.0,2016-02-15,,,0.0,0,0.0,1842.0,0,0.0,0,0.0,0.0
0,1864.0,0.0,2016-02-16,,,0.0,0,-0.0,1871.0,0,0.0,0,0.0,0.0
0,1860.0,0.0,2016-02-17,,,0.0,0,-0.0,1864.0,0,0.0,0,0.0,0.0
0,1868.0,0.0,2016-02-18,,,0.0,0,0.0,1860.0,0,0.0,0,0.0,0.0
0,1889.0,0.0,2016-02-19,,,0.0,0,0.0,1868.0,0,0.0,0,0.0,0.0
0,1948.0,0.0,2016-02-22,,,0.0,0,0.0,1889.0,0,0.0,0,0.0,0.0
0,1920.0,0.0,2016-02-23,,,0.0,0,-0.0,1948.0,0,0.0,0,0.0,0.0
0,1919.0,0.0,2016-02-24,,,0.0,0,-0.0,1920.0,0,0.0,0,0.0,0.0
0,1916.0,0.0,2016-02-25,,,0.0,0,-0.0,1919.0,0,0.0,0,0.0,0.0
0,1909.0,0.0,2016-02-26,,,0.0,0,-0.0,1916.0,0,0.0,0,0.0,0.0
0,1952.0,0.0,2016-02-29,,,0.0,0,0.0,1909.0,0,0.0,0,0.0,0.0
0,1977.0,0.0,2016-03-01,,,0.0,0,0.0,1952.0,0,0.0,0,0.0,0.0
0,1986.0,0.0,2016-03-02,,,0.0,0,0.0,1977.0,0,0.0,0,0.0,0.0
0,1967.0,0.0,2016-03-03,,,0.0,0,-0.0,1986.0,0,0.0,0,0.0,0.0
0,1990.0,0.0,2016-03-04,,,0.0,0,0.0,1967.0,0,0.0,0,0.0,0.0
0,2072.0,0.0,2016-03-07,,,0.0,0,0.0,1990.0,0,0.0,0,0.0,0.0
0,2192.0,0.0,2016-03-08,,,0.0,0,0.0,2072.0,0,0.0,0,0.0,0.0
0,2080.0,0.0,2016-03-09,,,0.0,0,-0.0,2192.0,0,0.0,0,0.0,0.0
0,2106.0,0.0,2016-03-10,,,0.0,0,0.0,2080.0,0,0.0,0,0.0,0.0
0,2049.0,0.0,2016-03-11,,,0.0,0,-0.0,2106.0,0,0.0,0,0.0,0.0
0,2005.0,0.0,2016-03-14,,,0.0,0,-0.0,2049.0,0,0.0,0,0.0,0.0
0,1988.0,0.0,2016-03-15,,,0.0,0,-0.0,2005.0,0,0.0,0,0.0,0.0
0,2026.0,0.0,2016-03-16,,,0.0,0,0.0,1988.0,0,0.0,0,0.0,0.0
0,2095.0,0.0,2016-03-17,,,0.0,0,0.0,2026.0,0,0.0,0,0.0,0.0
0,2128.0,0.0,2016-03-18,,,0.0,0,0.0,2095.0,0,0.0,0,0.0,0.0
0,2156.0,0.0,2016-03-21,,,0.0,0,0.0,2128.0,0,0.0,0,0.0,0.0
0,2170.0,0.0,2016-03-22,,,0.0,0,0.0,2156.0,0,0.0,0,0.0,0.0
0,2210.0,0.0,2016-03-23,,,0.0,0,0.0,2170.0,0,0.0,0,0.0,0.0
0,2145.0,0.0,2016-03-24,,,0.0,0,-0.0,2210.0,0,0.0,0,0.0,0.0
0,2213.0,0.0,2016-03-25,,,0.0,0,0.0,2145.0,0,0.0,0,0.0,0.0
0,2163.0,0.0,2016-03-28,,,0.0,0,-0.0,2213.0,0,0.0,0,0.0,0.0
0,2183.0,0.0,2016-03-29,,,0.0,0,0.0,2163.0,0,0.0,0,0.0,0.0
0,2134.0,0.0,2016-03-30,,,0.0,0,-0.0,2183.0,0,0.0,0,0.0,0.0
0,2150.0,0.0,2016-03-31,,,0.0,0,0.0,2134.0,0,0.0,0,0.0,0.0
0,2203.0,0.0,2016-04-01,,,0.0,0,0.0,2150.0,0,0.0,0,0.0,0.0
0,2205.0,0.0,2016-04-05,,,0.0,0,0.0,2203.0,0,0.0,0,0.0,0.0
0,2193.0,0.0,2016-04-06,,,0.0,0,-0.0,2205.0,0,0.0,0,0.0,0.0
0,2201.0,0.0,2016-04-07,,,0.0,0,0.0,2193.0,0,0.0,0,0.0,0.0
0,2207.0,0.0,2016-04-08,,,0.0,0,0.0,2201.0,0,0.0,0,0.0,0.0
0,2299.0,0.0,2016-04-11,,,0.0,0,0.0,2207.0,0,0.0,0,0.0,0.0
0,2344.0,0.0,2016-04-12,,,0.0,0,0.0,2299.0,0,0.0,0,0.0,0.0
0,2352.0,0.0,2016-04-13,,,0.0,0,0.0,2344.0,0,0.0,0,0.0,0.0
0,2322.0,0.0,2016-04-14,,,0.0,0,-0.0,2352.0,0,0.0,0,0.0,0.0
0,2297.0,0.0,2016-04-15,,,0.0,0,-0.0,2322.0,0,0.0,0,0.0,0.0
0,2387.0,0.0,2016-04-18,,,0.0,0,0.0,2297.0,0,0.0,0,0.0,0.0
0,2492.0,0.0,2016-04-19,,,0.0,0,0.0,2387.0,0,0.0,0,0.0,0.0
0,2590.0,0.0,2016-04-20,,,0.0,0,0.0,2492.0,0,0.0,0,0.0,0.0
0,2747.0,0.0,2016-04-21,,,0.0,0,0.0,2590.0,0,0.0,0,0.0,0.0
0,2615.0,0.0,2016-04-22,,,0.0,0,-0.0,2747.0,0,0.0,0,0.0,0.0
0,2636.0,0.0,2016-04-25,,,0.0,0,0.0,2615.0,0,0.0,0,0.0,0.0
0,2548.0,0.0,2016-04-26,,,0.0,0,-0.0,2636.0,0,0.0,0,0.0,0.0
0,2493.0,0.0,2016-04-27,,,0.0,0,-0.0,2548.0,0,0.0,0,0.0,0.0
0,2530.0,0.0,2016-04-28,,,0.0,0,0.0,2493.0,0,0.0,0,0.0,0.0
0,2571.0,0.0,2016-04-29,,,0.0,0,0.0,2530.0,0,0.0,0,0.0,0.0
0,2442.0,0.0,2016-05-03,,,0.0,0,-0.0,2571.0,0,0.0,0,0.0,0.0
0,2371.0,0.0,2016-05-04,,,0.0,0,-0.0,2442.0,0,0.0,0,0.0,0.0
0,2298.0,0.0,2016-05-05,,,0.0,0,-0.0,2371.0,0,0.0,0,0.0,0.0
0,2326.0,0.0,2016-05-06,,,0.0,0,0.0,2298.0,0,0.0,0,0.0,0.0
0,2165.0,0.0,2016-05-09,,,0.0,0,-0.0,2326.0,0,0.0,0,0.0,0.0
0,2138.0,0.0,2016-05-10,,,0.0,0,-0.0,2165.0,0,0.0,0,0.0,0.0
0,2139.0,0.0,2016-05-11,,,0.0,0,0.0,2138.0,0,0.0,0,0.0,0.0
0,2069.0,0.0,2016-05-12,,,0.0,0,-0.0,2139.0,0,0.0,0,0.0,0.0
0,2024.0,0.0,2016-05-13,,,0.0,0,-0.0,2069.0,0,0.0,0,0.0,0.0
0,2046.0,0.0,2016-05-16,,,0.0,0,0.0,2024.0,0,0.0,0,0.0,0.0
0,2105.0,0.0,2016-05-17,,,0.0,0,0.0,2046.0,0,0.0,0,0.0,0.0
0,2047.0,0.0,2016-05-18,,,0.0,0,-0.0,2105.0,0,0.0,0,0.0,0.0
0,2036.0,0.0,2016-05-19,,,0.0,0,-0.0,2047.0,0,0.0,0,0.0,0.0
0,2055.0,0.0,2016-05-20,,,0.0,0,0.0,2036.0,0,0.0,0,0.0,0.0
0,1942.0,0.0,2016-05-23,,,0.0,0,-0.0,2055.0,0,0.0,0,0.0,0.0
0,1950.0,0.0,2016-05-24,,,0.0,0,0.0,1942.0,0,0.0,0,0.0,0.0
0,1912.0,0.0,2016-05-25,,,0.0,0,-0.0,1950.0,0,0.0,0,0.0,0.0
0,1946.0,0.0,2016-05-26,,,0.0,0,0.0,1912.0,0,0.0,0,0.0,0.0
0,2024.0,0.0,2016-05-27,,,0.0,0,0.0,1946.0,0,0.0,0,0.0,0.0
0,1984.0,0.0,2016-05-30,,,0.0,0,-0.0,2024.0,0,0.0,0,0.0,0.0
0,1973.0,0.0,2016-05-31,,,0.0,0,-0.0,1984.0,0,0.0,0,0.0,0.0
0,1951.0,0.0,2016-06-01,,,0.0,0,-0.0,1973.0,0,0.0,0,0.0,0.0
0,1951.0,0.0,2016-06-02,,,0.0,0,0.0,1951.0,0,0.0,0,0.0,0.0
0,1985.0,0.0,2016-06-03,,,0.0,0,0.0,1951.0,0,0.0,0,0.0,0.0
0,2054.0,0.0,2016-06-06,,,0.0,0,0.0,1985.0,0,0.0,0,0.0,0.0
0,2070.0,0.0,2016-06-07,,,0.0,0,0.0,2054.0,0,0.0,0,0.0,0.0
0,2089.0,0.0,2016-06-08,,,0.0,0,0.0,2070.0,0,0.0,0,0.0,0.0
0,2156.0,0.0,2016-06-13,,,0.0,0,0.0,2089.0,0,0.0,0,0.0,0.0
0,2064.0,0.0,2016-06-14,,,0.0,0,-0.0,2156.0,0,0.0,0,0.0,0.0
0,2058.0,0.0,2016-06-15,,,0.0,0,-0.0,2064.0,0,0.0,0,0.0,0.0
0,2065.0,0.0,2016-06-16,,,0.0,0,0.0,2058.0,0,0.0,0,0.0,0.0
0,2067.0,0.0,2016-06-17,,,0.0,0,0.0,2065.0,0,0.0,0,0.0,0.0
0,2055.0,0.0,2016-06-20,,,0.0,0,-0.0,2067.0,0,0.0,0,0.0,0.0
0,2072.0,0.0,2016-06-21,,,0.0,0,0.0,2055.0,0,0.0,0,0.0,0.0
0,2131.0,0.0,2016-06-22,,,0.0,0,0.0,2072.0,0,0.0,0,0.0,0.0
0,2129.0,0.0,2016-06-23,,,0.0,0,-0.0,2131.0,0,0.0,0,0.0,0.0
0,2116.0,0.0,2016-06-24,,,0.0,0,-0.0,2129.0,0,0.0,0,0.0,0.0
0,2256.0,0.0,2016-06-27,,,0.0,0,0.0,2116.0,0,0.0,0,0.0,0.0
0,2252.0,0.0,2016-06-28,,,0.0,0,-0.0,2256.0,0,0.0,0,0.0,0.0
0,2232.0,0.0,2016-06-29,,,0.0,0,-0.0,2252.0,0,0.0,0,0.0,0.0
0,2324.0,0.0,2016-06-30,,,0.0,0,0.0,2232.0,0,0.0,0,0.0,0.0
0,2334.0,0.0,2016-07-01,,,0.0,0,0.0,2324.0,0,0.0,0,0.0,0.0
0,2408.0,0.0,2016-07-04,,,0.0,0,0.0,2334.0,0,0.0,0,0.0,0.0
0,2389.0,0.0,2016-07-05,,,0.0,0,-0.0,2408.0,0,0.0,0,0.0,0.0
0,2361.0,0.0,2016-07-06,,,0.0,0,-0.0,2389.0,0,0.0,0,0.0,0.0
0,2369.0,0.0,2016-07-07,,,0.0,0,0.0,2361.0,0,0.0,0,0.0,0.0
0,2423.0,0.0,2016-07-08,,,0.0,0,0.0,2369.0,0,0.0,0,0.0,0.0
0,2407.0,0.0,2016-07-11,,,0.0,0,-0.0,2423.0,0,0.0,0,0.0,0.0
0,2529.0,0.0,2016-07-12,,,0.0,0,0.0,2407.0,0,0.0,0,0.0,0.0
0,2493.0,0.0,2016-07-13,,,0.0,0,-0.0,2529.0,0,0.0,0,0.0,0.0
0,2502.0,0.0,2016-07-14,,,0.0,0,0.0,2493.0,0,0.0,0,0.0,0.0
0,2504.0,0.0,2016-07-15,,,0.0,0,0.0,2502.0,0,0.0,0,0.0,0.0
1,2342.0,0.0,2016-07-18,多,开仓,0.0,0,-0.0,2504.0,0,0.0,1,0.0,23420.0
0,2277.0,0.0,2016-07-19,空,平仓,-650.0,1,-650.0,2342.0,0,-650.0,1,0.0,22770.0
0,2289.0,0.0,2016-07-20,,,0.0,0,0.0,2277.0,0,0.0,0,0.0,0.0
1,2374.0,0.0,2016-07-21,多,开仓,0.0,0,0.0,2289.0,0,0.0,1,0.0,23740.0
0,2291.0,0.0,2016-07-22,空,平仓,-830.0,1,-830.0,2374.0,0,-830.0,1,0.0,22910.0
0,2320.0,0.0,2016-07-25,,,0.0,0,0.0,2291.0,0,0.0,0,0.0,0.0
0,2352.0,0.0,2016-07-26,,,0.0,0,0.0,2320.0,0,0.0,0,0.0,0.0
1,2399.0,0.0,2016-07-27,多,开仓,0.0,0,0.0,2352.0,0,0.0,1,0.0,23990.0
1,2461.0,0.0,2016-07-28,,,620.0,1,620.0,2399.0,0,620.0,0,0.0,0.0
0,2395.0,0.0,2016-07-29,空,平仓,-660.0,1,-660.0,2461.0,0,-660.0,1,0.0,23950.0
0,2474.0,0.0,2016-08-01,,,0.0,0,0.0,2395.0,0,0.0,0,0.0,0.0
0,2490.0,0.0,2016-08-02,,,0.0,0,0.0,2474.0,0,0.0,0,0.0,0.0
0,2470.0,0.0,2016-08-03,,,0.0,0,-0.0,2490.0,0,0.0,0,0.0,0.0
1,2426.0,0.0,2016-08-04,多,开仓,0.0,0,-0.0,2470.0,0,0.0,1,0.0,24260.0
1,2511.0,0.0,2016-08-05,,,850.0,1,850.0,2426.0,0,850.0,0,0.0,0.0
1,2576.0,0.0,2016-08-08,,,650.0,1,650.0,2511.0,0,650.0,0,0.0,0.0
1,2555.0,0.0,2016-08-09,,,-210.0,1,-210.0,2576.0,0,-210.0,0,0.0,0.0
1,2552.0,0.0,2016-08-10,,,-30.0,1,-30.0,2555.0,0,-30.0,0,0.0,0.0
1,2555.0,0.0,2016-08-11,,,30.0,1,30.0,2552.0,0,30.0,0,0.0,0.0
1,2536.0,0.0,2016-08-12,,,-190.0,1,-190.0,2555.0,0,-190.0,0,0.0,0.0
1,2519.0,0.0,2016-08-15,,,-170.0,1,-170.0,2536.0,0,-170.0,0,0.0,0.0
1,2606.0,0.0,2016-08-16,,,870.0,1,870.0,2519.0,0,870.0,0,0.0,0.0
0,2552.0,0.0,2016-08-17,空,平仓,-540.0,1,-540.0,2606.0,0,-540.0,1,0.0,25520.0
0,2556.0,0.0,2016-08-18,,,0.0,0,0.0,2552.0,0,0.0,0,0.0,0.0
0,2561.0,0.0,2016-08-19,,,0.0,0,0.0,2556.0,0,0.0,0,0.0,0.0
0,2543.0,0.0,2016-08-22,,,0.0,0,-0.0,2561.0,0,0.0,0,0.0,0.0
0,2584.0,0.0,2016-08-23,,,0.0,0,0.0,2543.0,0,0.0,0,0.0,0.0
0,2582.0,0.0,2016-08-24,,,0.0,0,-0.0,2584.0,0,0.0,0,0.0,0.0
1,2565.0,0.0,2016-08-25,多,开仓,0.0,0,-0.0,2582.0,0,0.0,1,0.0,25650.0
0,2505.0,0.0,2016-08-26,空,平仓,-600.0,1,-600.0,2565.0,0,-600.0,1,0.0,25050.0
0,2481.0,0.0,2016-08-29,,,0.0,0,-0.0,2505.0,0,0.0,0,0.0,0.0
0,2428.0,0.0,2016-08-30,,,0.0,0,-0.0,2481.0,0,0.0,0,0.0,0.0
0,2393.0,0.0,2016-08-31,,,0.0,0,-0.0,2428.0,0,0.0,0,0.0,0.0
0,2405.0,0.0,2016-09-01,,,0.0,0,0.0,2393.0,0,0.0,0,0.0,0.0
0,2408.0,0.0,2016-09-02,,,0.0,0,0.0,2405.0,0,0.0,0,0.0,0.0
0,2435.0,0.0,2016-09-05,,,0.0,0,0.0,2408.0,0,0.0,0,0.0,0.0
0,2426.0,0.0,2016-09-06,,,0.0,0,-0.0,2435.0,0,0.0,0,0.0,0.0
0,2336.0,0.0,2016-09-07,,,0.0,0,-0.0,2426.0,0,0.0,0,0.0,0.0
0,2339.0,0.0,2016-09-08,,,0.0,0,0.0,2336.0,0,0.0,0,0.0,0.0
0,2341.0,0.0,2016-09-09,,,0.0,0,0.0,2339.0,0,0.0,0,0.0,0.0
0,2275.0,0.0,2016-09-12,,,0.0,0,-0.0,2341.0,0,0.0,0,0.0,0.0
0,2254.0,0.0,2016-09-13,,,0.0,0,-0.0,2275.0,0,0.0,0,0.0,0.0
0,2249.0,0.0,2016-09-14,,,0.0,0,-0.0,2254.0,0,0.0,0,0.0,0.0
0,2241.0,0.0,2016-09-19,,,0.0,0,-0.0,2249.0,0,0.0,0,0.0,0.0
0,2265.0,0.0,2016-09-20,,,0.0,0,0.0,2241.0,0,0.0,0,0.0,0.0
0,2259.0,0.0,2016-09-21,,,0.0,0,-0.0,2265.0,0,0.0,0,0.0,0.0
0,2284.0,0.0,2016-09-22,,,0.0,0,0.0,2259.0,0,0.0,0,0.0,0.0
0,2312.0,0.0,2016-09-23,,,0.0,0,0.0,2284.0,0,0.0,0,0.0,0.0
0,2318.0,0.0,2016-09-26,,,0.0,0,0.0,2312.0,0,0.0,0,0.0,0.0
0,2275.0,0.0,2016-09-27,,,0.0,0,-0.0,2318.0,0,0.0,0,0.0,0.0
0,2288.0,0.0,2016-09-28,,,0.0,0,0.0,2275.0,0,0.0,0,0.0,0.0
0,2277.0,0.0,2016-09-29,,,0.0,0,-0.0,2288.0,0,0.0,0,0.0,0.0
0,2257.0,0.0,2016-09-30,,,0.0,0,-0.0,2277.0,0,0.0,0,0.0,0.0
0,2274.0,0.0,2016-10-10,,,0.0,0,0.0,2257.0,0,0.0,0,0.0,0.0
0,2342.0,0.0,2016-10-11,,,0.0,0,0.0,2274.0,0,0.0,0,0.0,0.0
0,2360.0,0.0,2016-10-12,,,0.0,0,0.0,2342.0,0,0.0,0,0.0,0.0
0,2358.0,0.0,2016-10-13,,,0.0,0,-0.0,2360.0,0,0.0,0,0.0,0.0
0,2401.0,0.0,2016-10-14,,,0.0,0,0.0,2358.0,0,0.0,0,0.0,0.0
0,2433.0,0.0,2016-10-17,,,0.0,0,0.0,2401.0,0,0.0,0,0.0,0.0
0,2440.0,0.0,2016-10-18,,,0.0,0,0.0,2433.0,0,0.0,0,0.0,0.0
0,2433.0,0.0,2016-10-19,,,0.0,0,-0.0,2440.0,0,0.0,0,0.0,0.0
0,2482.0,0.0,2016-10-20,,,0.0,0,0.0,2433.0,0,0.0,0,0.0,0.0
0,2476.0,0.0,2016-10-21,,,0.0,0,-0.0,2482.0,0,0.0,0,0.0,0.0
0,2484.0,0.0,2016-10-24,,,0.0,0,0.0,2476.0,0,0.0,0,0.0,0.0
0,2565.0,0.0,2016-10-25,,,0.0,0,0.0,2484.0,0,0.0,0,0.0,0.0
0,2533.0,0.0,2016-10-26,,,0.0,0,-0.0,2565.0,0,0.0,0,0.0,0.0
0,2515.0,0.0,2016-10-27,,,0.0,0,-0.0,2533.0,0,0.0,0,0.0,0.0
0,2589.0,0.0,2016-10-28,,,0.0,0,0.0,2515.0,0,0.0,0,0.0,0.0
0,2609.0,0.0,2016-10-31,,,0.0,0,0.0,2589.0,0,0.0,0,0.0,0.0
0,2618.0,0.0,2016-11-01,,,0.0,0,0.0,2609.0,0,0.0,0,0.0,0.0
0,2612.0,0.0,2016-11-02,,,0.0,0,-0.0,2618.0,0,0.0,0,0.0,0.0
0,2684.0,0.0,2016-11-03,,,0.0,0,0.0,2612.0,0,0.0,0,0.0,0.0
0,2705.0,0.0,2016-11-04,,,0.0,0,0.0,2684.0,0,0.0,0,0.0,0.0
0,2872.0,0.0,2016-11-07,,,0.0,0,0.0,2705.0,0,0.0,0,0.0,0.0
0,2819.0,0.0,2016-11-08,,,0.0,0,-0.0,2872.0,0,0.0,0,0.0,0.0
0,3005.0,0.0,2016-11-09,,,0.0,0,0.0,2819.0,0,0.0,0,0.0,0.0
0,2992.0,0.0,2016-11-10,,,0.0,0,-0.0,3005.0,0,0.0,0,0.0,0.0
0,3131.0,0.0,2016-11-11,,,0.0,0,0.0,2992.0,0,0.0,0,0.0,0.0
0,2958.0,0.0,2016-11-14,,,0.0,0,-0.0,3131.0,0,0.0,0,0.0,0.0
0,2865.0,0.0,2016-11-15,,,0.0,0,-0.0,2958.0,0,0.0,0,0.0,0.0
0,2829.0,0.0,2016-11-16,,,0.0,0,-0.0,2865.0,0,0.0,0,0.0,0.0
0,2829.0,0.0,2016-11-17,,,0.0,0,0.0,2829.0,0,0.0,0,0.0,0.0
0,2782.0,0.0,2016-11-18,,,0.0,0,-0.0,2829.0,0,0.0,0,0.0,0.0
0,2725.0,0.0,2016-11-21,,,0.0,0,-0.0,2782.0,0,0.0,0,0.0,0.0
0,2910.0,0.0,2016-11-22,,,0.0,0,0.0,2725.0,0,0.0,0,0.0,0.0
0,2973.0,0.0,2016-11-23,,,0.0,0,0.0,2910.0,0,0.0,0,0.0,0.0
0,2985.0,0.0,2016-11-24,,,0.0,0,0.0,2973.0,0,0.0,0,0.0,0.0
0,3199.0,0.0,2016-11-25,,,0.0,0,0.0,2985.0,0,0.0,0,0.0,0.0
0,3277.0,0.0,2016-11-28,,,0.0,0,0.0,3199.0,0,0.0,0,0.0,0.0
0,3041.0,0.0,2016-11-29,,,0.0,0,-0.0,3277.0,0,0.0,0,0.0,0.0
0,2976.0,0.0,2016-11-30,,,0.0,0,-0.0,3041.0,0,0.0,0,0.0,0.0
0,3169.0,0.0,2016-12-01,,,0.0,0,0.0,2976.0,0,0.0,0,0.0,0.0
0,3114.0,0.0,2016-12-02,,,0.0,0,-0.0,3169.0,0,0.0,0,0.0,0.0
0,3191.0,0.0,2016-12-05,,,0.0,0,0.0,3114.0,0,0.0,0,0.0,0.0
0,3204.0,0.0,2016-12-06,,,0.0,0,0.0,3191.0,0,0.0,0,0.0,0.0
0,3368.0,0.0,2016-12-07,,,0.0,0,0.0,3204.0,0,0.0,0,0.0,0.0
0,3381.0,0.0,2016-12-08,,,0.0,0,0.0,3368.0,0,0.0,0,0.0,0.0
0,3332.0,0.0,2016-12-09,,,0.0,0,-0.0,3381.0,0,0.0,0,0.0,0.0
0,3434.0,0.0,2016-12-12,,,0.0,0,0.0,3332.0,0,0.0,0,0.0,0.0
0,3495.0,0.0,2016-12-13,,,0.0,0,0.0,3434.0,0,0.0,0,0.0,0.0
0,3369.0,0.0,2016-12-14,,,0.0,0,-0.0,3495.0,0,0.0,0,0.0,0.0
0,3406.0,0.0,2016-12-15,,,0.0,0,0.0,3369.0,0,0.0,0,0.0,0.0
0,3288.0,0.0,2016-12-16,,,0.0,0,-0.0,3406.0,0,0.0,0,0.0,0.0
0,3167.0,0.0,2016-12-19,,,0.0,0,-0.0,3288.0,0,0.0,0,0.0,0.0
0,3158.0,0.0,2016-12-20,,,0.0,0,-0.0,3167.0,0,0.0,0,0.0,0.0
0,3166.0,0.0,2016-12-21,,,0.0,0,0.0,3158.0,0,0.0,0,0.0,0.0
0,3025.0,0.0,2016-12-22,,,0.0,0,-0.0,3166.0,0,0.0,0,0.0,0.0
0,2984.0,0.0,2016-12-23,,,0.0,0,-0.0,3025.0,0,0.0,0,0.0,0.0
0,2921.0,0.0,2016-12-26,,,0.0,0,-0.0,2984.0,0,0.0,0,0.0,0.0
0,3003.0,0.0,2016-12-27,,,0.0,0,0.0,2921.0,0,0.0,0,0.0,0.0
0,2985.0,0.0,2016-12-28,,,0.0,0,-0.0,3003.0,0,0.0,0,0.0,0.0
0,2949.0,0.0,2016-12-29,,,0.0,0,-0.0,2985.0,0,0.0,0,0.0,0.0
0,2865.0,0.0,2016-12-30,,,0.0,0,-0.0,2949.0,0,0.0,0,0.0,0.0
0,2849.0,0.0,2017-01-03,,,0.0,0,-0.0,2865.0,0,0.0,0,0.0,0.0
0,2926.0,0.0,2017-01-04,,,0.0,0,0.0,2849.0,0,0.0,0,0.0,0.0
0,2938.0,0.0,2017-01-05,,,0.0,0,0.0,2926.0,0,0.0,0,0.0,0.0
0,2908.0,0.0,2017-01-06,,,0.0,0,-0.0,2938.0,0,0.0,0,0.0,0.0
0,3042.0,0.0,2017-01-09,,,0.0,0,0.0,2908.0,0,0.0,0,0.0,0.0
1,3162.0,0.0,2017-01-10,多,开仓,0.0,0,0.0,3042.0,0,0.0,1,0.0,31620.0
1,3176.0,0.0,2017-01-11,,,140.0,1,140.0,3162.0,0,140.0,0,0.0,0.0
1,3200.0,0.0,2017-01-12,,,240.0,1,240.0,3176.0,0,240.0,0,0.0,0.0
1,3187.0,0.0,2017-01-13,,,-130.0,1,-130.0,3200.0,0,-130.0,0,0.0,0.0
1,3367.0,0.0,2017-01-16,,,1800.0,1,1800.0,3187.0,0,1800.0,0,0.0,0.0
0,3278.0,0.0,2017-01-17,空,平仓,-890.0,1,-890.0,3367.0,0,-890.0,1,0.0,32780.0
0,3285.0,0.0,2017-01-18,,,0.0,0,0.0,3278.0,0,0.0,0,0.0,0.0
0,3252.0,0.0,2017-01-19,,,0.0,0,-0.0,3285.0,0,0.0,0,0.0,0.0
0,3190.0,0.0,2017-01-20,,,0.0,0,-0.0,3252.0,0,0.0,0,0.0,0.0
0,3175.0,0.0,2017-01-23,,,0.0,0,-0.0,3190.0,0,0.0,0,0.0,0.0
0,3286.0,0.0,2017-01-24,,,0.0,0,0.0,3175.0,0,0.0,0,0.0,0.0
0,3292.0,0.0,2017-01-25,,,0.0,0,0.0,3286.0,0,0.0,0,0.0,0.0
0,3359.0,0.0,2017-01-26,,,0.0,0,0.0,3292.0,0,0.0,0,0.0,0.0
0,3110.0,0.0,2017-02-03,,,0.0,0,-0.0,3359.0,0,0.0,0,0.0,0.0
0,3079.0,0.0,2017-02-06,,,0.0,0,-0.0,3110.0,0,0.0,0,0.0,0.0
1,3158.0,0.0,2017-02-07,多,开仓,0.0,0,0.0,3079.0,0,0.0,1,0.0,31580.0
1,3234.0,0.0,2017-02-08,,,760.0,1,760.0,3158.0,0,760.0,0,0.0,0.0
1,3198.0,0.0,2017-02-09,,,-360.0,1,-360.0,3234.0,0,-360.0,0,0.0,0.0
1,3319.0,0.0,2017-02-10,,,1210.0,1,1210.0,3198.0,0,1210.0,0,0.0,0.0
1,3426.0,0.0,2017-02-13,,,1070.0,1,1070.0,3319.0,0,1070.0,0,0.0,0.0
1,3429.0,0.0,2017-02-14,,,30.0,1,30.0,3426.0,0,30.0,0,0.0,0.0
1,3379.0,0.0,2017-02-15,,,-500.0,1,-500.0,3429.0,0,-500.0,0,0.0,0.0
1,3369.0,0.0,2017-02-16,,,-100.0,1,-100.0,3379.0,0,-100.0,0,0.0,0.0
1,3453.0,0.0,2017-02-17,,,840.0,1,840.0,3369.0,0,840.0,0,0.0,0.0
0,3522.0,0.0,2017-02-20,空,平仓,690.0,1,690.0,3453.0,0,690.0,1,0.0,35220.0
0,3550.0,0.0,2017-02-21,,,0.0,0,0.0,3522.0,0,0.0,0,0.0,0.0
0,3502.0,0.0,2017-02-22,,,0.0,0,-0.0,3550.0,0,0.0,0,0.0,0.0
0,3460.0,0.0,2017-02-23,,,0.0,0,-0.0,3502.0,0,0.0,0,0.0,0.0
0,3474.0,0.0,2017-02-24,,,0.0,0,0.0,3460.0,0,0.0,0,0.0,0.0
0,3582.0,0.0,2017-02-27,,,0.0,0,0.0,3474.0,0,0.0,0,0.0,0.0
0,3441.0,0.0,2017-02-28,,,0.0,0,-0.0,3582.0,0,0.0,0,0.0,0.0
0,3509.0,0.0,2017-03-01,,,0.0,0,0.0,3441.0,0,0.0,0,0.0,0.0
0,3520.0,0.0,2017-03-02,,,0.0,0,0.0,3509.0,0,0.0,0,0.0,0.0
0,3525.0,0.0,2017-03-03,,,0.0,0,0.0,3520.0,0,0.0,0,0.0,0.0
1,3422.0,0.0,2017-03-06,多,开仓,0.0,0,-0.0,3525.0,0,0.0,1,0.0,34220.0
1,3448.0,0.0,2017-03-07,,,260.0,1,260.0,3422.0,0,260.0,0,0.0,0.0
0,3375.0,0.0,2017-03-08,空,平仓,-730.0,1,-730.0,3448.0,0,-730.0,1,0.0,33750.0
0,3337.0,0.0,2017-03-09,,,0.0,0,-0.0,3375.0,0,0.0,0,0.0,0.0
0,3346.0,0.0,2017-03-10,,,0.0,0,0.0,3337.0,0,0.0,0,0.0,0.0
0,3534.0,0.0,2017-03-13,,,0.0,0,0.0,3346.0,0,0.0,0,0.0,0.0
1,3515.0,0.0,2017-03-14,多,开仓,0.0,0,-0.0,3534.0,0,0.0,1,0.0,35150.0
1,3574.0,0.0,2017-03-15,,,590.0,1,590.0,3515.0,0,590.0,0,0.0,0.0
1,3561.0,0.0,2017-03-16,,,-130.0,1,-130.0,3574.0,0,-130.0,0,0.0,0.0
0,3496.0,0.0,2017-03-17,空,平仓,-650.0,1,-650.0,3561.0,0,-650.0,1,0.0,34960.0
0,3477.0,0.0,2017-03-20,,,0.0,0,-0.0,3496.0,0,0.0,0,0.0,0.0
0,3354.0,0.0,2017-03-21,,,0.0,0,-0.0,3477.0,0,0.0,0,0.0,0.0
0,3244.0,0.0,2017-03-22,,,0.0,0,-0.0,3354.0,0,0.0,0,0.0,0.0
0,3240.0,0.0,2017-03-23,,,0.0,0,-0.0,3244.0,0,0.0,0,0.0,0.0
0,3239.0,0.0,2017-03-24,,,0.0,0,-0.0,3240.0,0,0.0,0,0.0,0.0
0,3136.0,0.0,2017-03-27,,,0.0,0,-0.0,3239.0,0,0.0,0,0.0,0.0
0,3116.0,0.0,2017-03-28,,,0.0,0,-0.0,3136.0,0,0.0,0,0.0,0.0
0,3217.0,0.0,2017-03-29,,,0.0,0,0.0,3116.0,0,0.0,0,0.0,0.0
0,3194.0,0.0,2017-03-30,,,0.0,0,-0.0,3217.0,0,0.0,0,0.0,0.0
0,3203.0,0.0,2017-03-31,,,0.0,0,0.0,3194.0,0,0.0,0,0.0,0.0
0,3261.0,0.0,2017-04-05,,,0.0,0,0.0,3203.0,0,0.0,0,0.0,0.0
0,3199.0,0.0,2017-04-06,,,0.0,0,-0.0,3261.0,0,0.0,0,0.0,0.0
0,3071.0,0.0,2017-04-07,,,0.0,0,-0.0,3199.0,0,0.0,0,0.0,0.0
0,3034.0,0.0,2017-04-10,,,0.0,0,-0.0,3071.0,0,0.0,0,0.0,0.0
0,3009.0,0.0,2017-04-11,,,0.0,0,-0.0,3034.0,0,0.0,0,0.0,0.0
0,2914.0,0.0,2017-04-12,,,0.0,0,-0.0,3009.0,0,0.0,0,0.0,0.0
0,2940.0,0.0,2017-04-13,,,0.0,0,0.0,2914.0,0,0.0,0,0.0,0.0
0,2960.0,0.0,2017-04-14,,,0.0,0,0.0,2940.0,0,0.0,0,0.0,0.0
0,2928.0,0.0,2017-04-17,,,0.0,0,-0.0,2960.0,0,0.0,0,0.0,0.0
0,2831.0,0.0,2017-04-18,,,0.0,0,-0.0,2928.0,0,0.0,0,0.0,0.0
0,2855.0,0.0,2017-04-19,,,0.0,0,0.0,2831.0,0,0.0,0,0.0,0.0
0,2891.0,0.0,2017-04-20,,,0.0,0,0.0,2855.0,0,0.0,0,0.0,0.0
0,2928.0,0.0,2017-04-21,,,0.0,0,0.0,2891.0,0,0.0,0,0.0,0.0
0,2925.0,0.0,2017-04-24,,,0.0,0,-0.0,2928.0,0,0.0,0,0.0,0.0
0,2946.0,0.0,2017-04-25,,,0.0,0,0.0,2925.0,0,0.0,0,0.0,0.0
0,2964.0,0.0,2017-04-26,,,0.0,0,0.0,2946.0,0,0.0,0,0.0,0.0
0,3011.0,0.0,2017-04-27,,,0.0,0,0.0,2964.0,0,0.0,0,0.0,0.0
0,3105.0,0.0,2017-04-28,,,0.0,0,0.0,3011.0,0,0.0,0,0.0,0.0
0,3126.0,0.0,2017-05-02,,,0.0,0,0.0,3105.0,0,0.0,0,0.0,0.0
0,3121.0,0.0,2017-05-03,,,0.0,0,-0.0,3126.0,0,0.0,0,0.0,0.0
0,2920.0,0.0,2017-05-04,,,0.0,0,-0.0,3121.0,0,0.0,0,0.0,0.0
0,2917.0,0.0,2017-05-05,,,0.0,0,-0.0,2920.0,0,0.0,0,0.0,0.0
0,2983.0,0.0,2017-05-08,,,0.0,0,0.0,2917.0,0,0.0,0,0.0,0.0
0,2992.0,0.0,2017-05-09,,,0.0,0,0.0,2983.0,0,0.0,0,0.0,0.0
0,3050.0,0.0,2017-05-10,,,0.0,0,0.0,2992.0,0,0.0,0,0.0,0.0
0,3035.0,0.0,2017-05-11,,,0.0,0,-0.0,3050.0,0,0.0,0,0.0,0.0
0,2918.0,0.0,2017-05-12,,,0.0,0,-0.0,3035.0,0,0.0,0,0.0,0.0
0,2966.0,0.0,2017-05-15,,,0.0,0,0.0,2918.0,0,0.0,0,0.0,0.0
0,2971.0,0.0,2017-05-16,,,0.0,0,0.0,2966.0,0,0.0,0,0.0,0.0
0,3083.0,0.0,2017-05-17,,,0.0,0,0.0,2971.0,0,0.0,0,0.0,0.0
0,3114.0,0.0,2017-05-18,,,0.0,0,0.0,3083.0,0,0.0,0,0.0,0.0
0,3214.0,0.0,2017-05-19,,,0.0,0,0.0,3114.0,0,0.0,0,0.0,0.0
0,3313.0,0.0,2017-05-22,,,0.0,0,0.0,3214.0,0,0.0,0,0.0,0.0
0,3265.0,0.0,2017-05-23,,,0.0,0,-0.0,3313.0,0,0.0,0,0.0,0.0
0,3216.0,0.0,2017-05-24,,,0.0,0,-0.0,3265.0,0,0.0,0,0.0,0.0
0,3187.0,0.0,2017-05-25,,,0.0,0,-0.0,3216.0,0,0.0,0,0.0,0.0
0,3207.0,0.0,2017-05-26,,,0.0,0,0.0,3187.0,0,0.0,0,0.0,0.0
0,3062.0,0.0,2017-05-31,,,0.0,0,-0.0,3207.0,0,0.0,0,0.0,0.0
0,3056.0,0.0,2017-06-01,,,0.0,0,-0.0,3062.0,0,0.0,0,0.0,0.0
0,2990.0,0.0,2017-06-02,,,0.0,0,-0.0,3056.0,0,0.0,0,0.0,0.0
0,2901.0,0.0,2017-06-05,,,0.0,0,-0.0,2990.0,0,0.0,0,0.0,0.0
0,2926.0,0.0,2017-06-06,,,0.0,0,0.0,2901.0,0,0.0,0,0.0,0.0
0,2930.0,0.0,2017-06-07,,,0.0,0,0.0,2926.0,0,0.0,0,0.0,0.0
0,2936.0,0.0,2017-06-08,,,0.0,0,0.0,2930.0,0,0.0,0,0.0,0.0
0,2986.0,0.0,2017-06-09,,,0.0,0,0.0,2936.0,0,0.0,0,0.0,0.0
0,3000.0,0.0,2017-06-12,,,0.0,0,0.0,2986.0,0,0.0,0,0.0,0.0
0,2908.0,0.0,2017-06-13,,,0.0,0,-0.0,3000.0,0,0.0,0,0.0,0.0
0,3047.0,0.0,2017-06-14,,,0.0,0,0.0,2908.0,0,0.0,0,0.0,0.0
0,3076.0,0.0,2017-06-15,,,0.0,0,0.0,3047.0,0,0.0,0,0.0,0.0
0,3057.0,0.0,2017-06-16,,,0.0,0,-0.0,3076.0,0,0.0,0,0.0,0.0
0,3105.0,0.0,2017-06-19,,,0.0,0,0.0,3057.0,0,0.0,0,0.0,0.0
0,3073.0,0.0,2017-06-20,,,0.0,0,-0.0,3105.0,0,0.0,0,0.0,0.0
0,3036.0,0.0,2017-06-21,,,0.0,0,-0.0,3073.0,0,0.0,0,0.0,0.0
0,3002.0,0.0,2017-06-22,,,0.0,0,-0.0,3036.0,0,0.0,0,0.0,0.0
0,3071.0,0.0,2017-06-23,,,0.0,0,0.0,3002.0,0,0.0,0,0.0,0.0
0,3111.0,0.0,2017-06-26,,,0.0,0,0.0,3071.0,0,0.0,0,0.0,0.0
0,3187.0,0.0,2017-06-27,,,0.0,0,0.0,3111.0,0,0.0,0,0.0,0.0
0,3244.0,0.0,2017-06-28,,,0.0,0,0.0,3187.0,0,0.0,0,0.0,0.0
0,3263.0,0.0,2017-06-29,,,0.0,0,0.0,3244.0,0,0.0,0,0.0,0.0
0,3310.0,0.0,2017-06-30,,,0.0,0,0.0,3263.0,0,0.0,0,0.0,0.0
0,3376.0,0.0,2017-07-03,,,0.0,0,0.0,3310.0,0,0.0,0,0.0,0.0
0,3319.0,0.0,2017-07-04,,,0.0,0,-0.0,3376.0,0,0.0,0,0.0,0.0
0,3379.0,0.0,2017-07-05,,,0.0,0,0.0,3319.0,0,0.0,0,0.0,0.0
0,3376.0,0.0,2017-07-06,,,0.0,0,-0.0,3379.0,0,0.0,0,0.0,0.0
0,3389.0,0.0,2017-07-07,,,0.0,0,0.0,3376.0,0,0.0,0,0.0,0.0
0,3403.0,0.0,2017-07-10,,,0.0,0,0.0,3389.0,0,0.0,0,0.0,0.0
0,3522.0,0.0,2017-07-11,,,0.0,0,0.0,3403.0,0,0.0,0,0.0,0.0
0,3532.0,0.0,2017-07-12,,,0.0,0,0.0,3522.0,0,0.0,0,0.0,0.0
0,3617.0,0.0,2017-07-13,,,0.0,0,0.0,3532.0,0,0.0,0,0.0,0.0
0,3509.0,0.0,2017-07-14,,,0.0,0,-0.0,3617.0,0,0.0,0,0.0,0.0
0,3584.0,0.0,2017-07-17,,,0.0,0,0.0,3509.0,0,0.0,0,0.0,0.0
0,3543.0,0.0,2017-07-18,,,0.0,0,-0.0,3584.0,0,0.0,0,0.0,0.0
0,3634.0,0.0,2017-07-19,,,0.0,0,0.0,3543.0,0,0.0,0,0.0,0.0
0,3452.0,0.0,2017-07-20,,,0.0,0,-0.0,3634.0,0,0.0,0,0.0,0.0
0,3476.0,0.0,2017-07-21,,,0.0,0,0.0,3452.0,0,0.0,0,0.0,0.0
0,3469.0,0.0,2017-07-24,,,0.0,0,-0.0,3476.0,0,0.0,0,0.0,0.0
0,3520.0,0.0,2017-07-25,,,0.0,0,0.0,3469.0,0,0.0,0,0.0,0.0
0,3527.0,0.0,2017-07-26,,,0.0,0,0.0,3520.0,0,0.0,0,0.0,0.0
0,3527.0,0.0,2017-07-27,,,0.0,0,0.0,3527.0,0,0.0,0,0.0,0.0
1,3514.0,0.0,2017-07-28,多,开仓,0.0,0,-0.0,3527.0,0,0.0,1,0.0,35140.0
1,3682.0,0.0,2017-07-31,,,1680.0,1,1680.0,3514.0,0,1680.0,0,0.0,0.0
1,3644.0,0.0,2017-08-01,,,-380.0,1,-380.0,3682.0,0,-380.0,0,0.0,0.0
1,3681.0,0.0,2017-08-02,,,370.0,1,370.0,3644.0,0,370.0,0,0.0,0.0
1,3739.0,0.0,2017-08-03,,,580.0,1,580.0,3681.0,0,580.0,0,0.0,0.0
1,3825.0,0.0,2017-08-04,,,860.0,1,860.0,3739.0,0,860.0,0,0.0,0.0
0,3994.0,0.0,2017-08-07,空,平仓,1690.0,1,1690.0,3825.0,0,1690.0,1,0.0,39940.0
0,3945.0,0.0,2017-08-08,,,0.0,0,-0.0,3994.0,0,0.0,0,0.0,0.0
0,4026.0,0.0,2017-08-09,,,0.0,0,0.0,3945.0,0,0.0,0,0.0,0.0
0,3980.0,0.0,2017-08-10,,,0.0,0,-0.0,4026.0,0,0.0,0,0.0,0.0
0,3879.0,0.0,2017-08-11,,,0.0,0,-0.0,3980.0,0,0.0,0,0.0,0.0
0,3832.0,0.0,2017-08-14,,,0.0,0,-0.0,3879.0,0,0.0,0,0.0,0.0
0,3779.0,0.0,2017-08-15,,,0.0,0,-0.0,3832.0,0,0.0,0,0.0,0.0
1,3731.0,0.0,2017-08-16,多,开仓,0.0,0,-0.0,3779.0,0,0.0,1,0.0,37310.0
1,3827.0,0.0,2017-08-17,,,960.0,1,960.0,3731.0,0,960.0,0,0.0,0.0
1,3905.0,0.0,2017-08-18,,,780.0,1,780.0,3827.0,0,780.0,0,0.0,0.0
1,3970.0,0.0,2017-08-21,,,650.0,1,650.0,3905.0,0,650.0,0,0.0,0.0
1,3942.0,0.0,2017-08-22,,,-280.0,1,-280.0,3970.0,0,-280.0,0,0.0,0.0
0,3790.0,0.0,2017-08-23,空,平仓,-1520.0,1,-1520.0,3942.0,0,-1520.0,1,0.0,37900.0
1,3864.0,0.0,2017-08-24,多,开仓,0.0,0,0.0,3790.0,0,0.0,1,0.0,38640.0
1,3934.0,0.0,2017-08-25,,,700.0,1,700.0,3864.0,0,700.0,0,0.0,0.0
1,3932.0,0.0,2017-08-28,,,-20.0,1,-20.0,3934.0,0,-20.0,0,0.0,0.0
1,3884.0,0.0,2017-08-29,,,-480.0,1,-480.0,3932.0,0,-480.0,0,0.0,0.0
1,3871.0,0.0,2017-08-30,,,-130.0,1,-130.0,3884.0,0,-130.0,0,0.0,0.0
1,3926.0,0.0,2017-08-31,,,550.0,1,550.0,3871.0,0,550.0,0,0.0,0.0
1,4059.0,0.0,2017-09-01,,,1330.0,1,1330.0,3926.0,0,1330.0,0,0.0,0.0
1,4058.0,0.0,2017-09-04,,,-10.0,1,-10.0,4059.0,0,-10.0,0,0.0,0.0
1,4082.0,0.0,2017-09-05,,,240.0,1,240.0,4058.0,0,240.0,0,0.0,0.0
0,3986.0,0.0,2017-09-06,空,平仓,-960.0,1,-960.0,4082.0,0,-960.0,1,0.0,39860.0
1,3959.0,0.0,2017-09-07,多,开仓,0.0,0,-0.0,3986.0,0,0.0,1,0.0,39590.0
1,3917.0,0.0,2017-09-08,,,-420.0,1,-420.0,3959.0,0,-420.0,0,0.0,0.0
1,3915.0,0.0,2017-09-11,,,-20.0,1,-20.0,3917.0,0,-20.0,0,0.0,0.0
1,3958.0,0.0,2017-09-12,,,430.0,1,430.0,3915.0,0,430.0,0,0.0,0.0
0,3914.0,0.0,2017-09-13,空,平仓,-440.0,1,-440.0,3958.0,0,-440.0,1,0.0,39140.0
0,3832.0,0.0,2017-09-14,,,0.0,0,-0.0,3914.0,0,0.0,0,0.0,0.0
0,3805.0,0.0,2017-09-15,,,0.0,0,-0.0,3832.0,0,0.0,0,0.0,0.0
0,3803.0,0.0,2017-09-18,,,0.0,0,-0.0,3805.0,0,0.0,0,0.0,0.0
0,3742.0,0.0,2017-09-19,,,0.0,0,-0.0,3803.0,0,0.0,0,0.0,0.0
0,3758.0,0.0,2017-09-20,,,0.0,0,0.0,3742.0,0,0.0,0,0.0,0.0
0,3654.0,0.0,2017-09-21,,,0.0,0,-0.0,3758.0,0,0.0,0,0.0,0.0
0,3550.0,0.0,2017-09-22,,,0.0,0,-0.0,3654.0,0,0.0,0,0.0,0.0
0,3595.0,0.0,2017-09-25,,,0.0,0,0.0,3550.0,0,0.0,0,0.0,0.0
0,3605.0,0.0,2017-09-26,,,0.0,0,0.0,3595.0,0,0.0,0,0.0,0.0
0,3665.0,0.0,2017-09-27,,,0.0,0,0.0,3605.0,0,0.0,0,0.0,0.0
0,3593.0,0.0,2017-09-28,,,0.0,0,-0.0,3665.0,0,0.0,0,0.0,0.0
0,3676.0,0.0,2017-09-29,,,0.0,0,0.0,3593.0,0,0.0,0,0.0,0.0
0,3680.0,0.0,2017-10-09,,,0.0,0,0.0,3676.0,0,0.0,0,0.0,0.0
0,3534.0,0.0,2017-10-10,,,0.0,0,-0.0,3680.0,0,0.0,0,0.0,0.0
0,3501.0,0.0,2017-10-11,,,0.0,0,-0.0,3534.0,0,0.0,0,0.0,0.0
0,3643.0,0.0,2017-10-12,,,0.0,0,0.0,3501.0,0,0.0,0,0.0,0.0
0,3787.0,0.0,2017-10-13,,,0.0,0,0.0,3643.0,0,0.0,0,0.0,0.0
0,3799.0,0.0,2017-10-16,,,0.0,0,0.0,3787.0,0,0.0,0,0.0,0.0
0,3722.0,0.0,2017-10-17,,,0.0,0,-0.0,3799.0,0,0.0,0,0.0,0.0
0,3671.0,0.0,2017-10-18,,,0.0,0,-0.0,3722.0,0,0.0,0,0.0,0.0
0,3590.0,0.0,2017-10-19,,,0.0,0,-0.0,3671.0,0,0.0,0,0.0,0.0
0,3758.0,0.0,2017-10-20,,,0.0,0,0.0,3590.0,0,0.0,0,0.0,0.0
0,3693.0,0.0,2017-10-23,,,0.0,0,-0.0,3758.0,0,0.0,0,0.0,0.0
0,3735.0,0.0,2017-10-24,,,0.0,0,0.0,3693.0,0,0.0,0,0.0,0.0
0,3701.0,0.0,2017-10-25,,,0.0,0,-0.0,3735.0,0,0.0,0,0.0,0.0
0,3656.0,0.0,2017-10-26,,,0.0,0,-0.0,3701.0,0,0.0,0,0.0,0.0
0,3585.0,0.0,2017-10-27,,,0.0,0,-0.0,3656.0,0,0.0,0,0.0,0.0
0,3575.0,0.0,2017-10-30,,,0.0,0,-0.0,3585.0,0,0.0,0,0.0,0.0
0,3634.0,0.0,2017-10-31,,,0.0,0,0.0,3575.0,0,0.0,0,0.0,0.0
0,3568.0,0.0,2017-11-01,,,0.0,0,-0.0,3634.0,0,0.0,0,0.0,0.0
0,3660.0,0.0,2017-11-02,,,0.0,0,0.0,3568.0,0,0.0,0,0.0,0.0
0,3629.0,0.0,2017-11-03,,,0.0,0,-0.0,3660.0,0,0.0,0,0.0,0.0
0,3748.0,0.0,2017-11-06,,,0.0,0,0.0,3629.0,0,0.0,0,0.0,0.0
0,3727.0,0.0,2017-11-07,,,0.0,0,-0.0,3748.0,0,0.0,0,0.0,0.0
0,3730.0,0.0,2017-11-08,,,0.0,0,0.0,3727.0,0,0.0,0,0.0,0.0
0,3756.0,0.0,2017-11-09,,,0.0,0,0.0,3730.0,0,0.0,0,0.0,0.0
0,3807.0,0.0,2017-11-10,,,0.0,0,0.0,3756.0,0,0.0,0,0.0,0.0
0,3835.0,0.0,2017-11-13,,,0.0,0,0.0,3807.0,0,0.0,0,0.0,0.0
0,3856.0,0.0,2017-11-14,,,0.0,0,0.0,3835.0,0,0.0,0,0.0,0.0
0,3771.0,0.0,2017-11-15,,,0.0,0,-0.0,3856.0,0,0.0,0,0.0,0.0
1,3750.0,0.0,2017-11-16,多,开仓,0.0,0,-0.0,3771.0,0,0.0,1,0.0,37500.0
1,3709.0,0.0,2017-11-17,,,-410.0,1,-410.0,3750.0,0,-410.0,0,0.0,0.0
1,3756.0,0.0,2017-11-20,,,470.0,1,470.0,3709.0,0,470.0,0,0.0,0.0
1,3812.0,0.0,2017-11-21,,,560.0,1,560.0,3756.0,0,560.0,0,0.0,0.0
1,3853.0,0.0,2017-11-22,,,410.0,1,410.0,3812.0,0,410.0,0,0.0,0.0
1,3861.0,0.0,2017-11-23,,,80.0,1,80.0,3853.0,0,80.0,0,0.0,0.0
1,3859.0,0.0,2017-11-24,,,-20.0,1,-20.0,3861.0,0,-20.0,0,0.0,0.0
1,3904.0,0.0,2017-11-27,,,450.0,1,450.0,3859.0,0,450.0,0,0.0,0.0
1,3938.0,0.0,2017-11-28,,,340.0,1,340.0,3904.0,0,340.0,0,0.0,0.0
1,3998.0,0.0,2017-11-29,,,600.0,1,600.0,3938.0,0,600.0,0,0.0,0.0
1,4030.0,0.0,2017-11-30,,,320.0,1,320.0,3998.0,0,320.0,0,0.0,0.0
1,4022.0,0.0,2017-12-01,,,-80.0,1,-80.0,4030.0,0,-80.0,0,0.0,0.0
0,4104.0,0.0,2017-12-04,空,平仓,820.0,1,820.0,4022.0,0,820.0,1,0.0,41040.0
0,4073.0,0.0,2017-12-05,,,0.0,0,-0.0,4104.0,0,0.0,0,0.0,0.0
0,3974.0,0.0,2017-12-06,,,0.0,0,-0.0,4073.0,0,0.0,0,0.0,0.0
0,3863.0,0.0,2017-12-07,,,0.0,0,-0.0,3974.0,0,0.0,0,0.0,0.0
1,3934.0,0.0,2017-12-08,多,开仓,0.0,0,0.0,3863.0,0,0.0,1,0.0,39340.0
1,3949.0,0.0,2017-12-11,,,150.0,1,150.0,3934.0,0,150.0,0,0.0,0.0
1,3923.0,0.0,2017-12-12,,,-260.0,1,-260.0,3949.0,0,-260.0,0,0.0,0.0
0,3888.0,0.0,2017-12-13,空,平仓,-350.0,1,-350.0,3923.0,0,-350.0,1,0.0,38880.0
0,3830.0,0.0,2017-12-14,,,0.0,0,-0.0,3888.0,0,0.0,0,0.0,0.0
0,3849.0,0.0,2017-12-15,,,0.0,0,0.0,3830.0,0,0.0,0,0.0,0.0
0,3892.0,0.0,2017-12-18,,,0.0,0,0.0,3849.0,0,0.0,0,0.0,0.0
0,3811.0,0.0,2017-12-19,,,0.0,0,-0.0,3892.0,0,0.0,0,0.0,0.0
0,3815.0,0.0,2017-12-20,,,0.0,0,0.0,3811.0,0,0.0,0,0.0,0.0
0,3857.0,0.0,2017-12-21,,,0.0,0,0.0,3815.0,0,0.0,0,0.0,0.0
0,3939.0,0.0,2017-12-22,,,0.0,0,0.0,3857.0,0,0.0,0,0.0,0.0
0,3788.0,0.0,2017-12-25,,,0.0,0,-0.0,3939.0,0,0.0,0,0.0,0.0
0,3815.0,0.0,2017-12-26,,,0.0,0,0.0,3788.0,0,0.0,0,0.0,0.0
0,3785.0,0.0,2017-12-27,,,0.0,0,-0.0,3815.0,0,0.0,0,0.0,0.0
0,3756.0,0.0,2017-12-28,,,0.0,0,-0.0,3785.0,0,0.0,0,0.0,0.0
0,3783.0,0.0,2017-12-29,,,0.0,0,0.0,3756.0,0,0.0,0,0.0,0.0
0,3858.0,0.0,2018-01-02,,,0.0,0,0.0,3783.0,0,0.0,0,0.0,0.0
0,3794.0,0.0,2018-01-03,,,0.0,0,-0.0,3858.0,0,0.0,0,0.0,0.0
0,3805.0,0.0,2018-01-04,,,0.0,0,0.0,3794.0,0,0.0,0,0.0,0.0
0,3783.0,0.0,2018-01-05,,,0.0,0,-0.0,3805.0,0,0.0,0,0.0,0.0
0,3800.0,0.0,2018-01-08,,,0.0,0,0.0,3783.0,0,0.0,0,0.0,0.0
0,3802.0,0.0,2018-01-09,,,0.0,0,0.0,3800.0,0,0.0,0,0.0,0.0
0,3831.0,0.0,2018-01-10,,,0.0,0,0.0,3802.0,0,0.0,0,0.0,0.0
0,3819.0,0.0,2018-01-11,,,0.0,0,-0.0,3831.0,0,0.0,0,0.0,0.0
0,3774.0,0.0,2018-01-12,,,0.0,0,-0.0,3819.0,0,0.0,0,0.0,0.0
0,3787.0,0.0,2018-01-15,,,0.0,0,0.0,3774.0,0,0.0,0,0.0,0.0
0,3773.0,0.0,2018-01-16,,,0.0,0,-0.0,3787.0,0,0.0,0,0.0,0.0
0,3808.0,0.0,2018-01-17,,,0.0,0,0.0,3773.0,0,0.0,0,0.0,0.0
0,3838.0,0.0,2018-01-18,,,0.0,0,0.0,3808.0,0,0.0,0,0.0,0.0
0,3905.0,0.0,2018-01-19,,,0.0,0,0.0,3838.0,0,0.0,0,0.0,0.0
0,3907.0,0.0,2018-01-22,,,0.0,0,0.0,3905.0,0,0.0,0,0.0,0.0
0,3894.0,0.0,2018-01-23,,,0.0,0,-0.0,3907.0,0,0.0,0,0.0,0.0
0,3920.0,0.0,2018-01-24,,,0.0,0,0.0,3894.0,0,0.0,0,0.0,0.0
0,3949.0,0.0,2018-01-25,,,0.0,0,0.0,3920.0,0,0.0,0,0.0,0.0
0,3928.0,0.0,2018-01-26,,,0.0,0,-0.0,3949.0,0,0.0,0,0.0,0.0
0,3928.0,0.0,2018-01-29,,,0.0,0,0.0,3928.0,0,0.0,0,0.0,0.0
1,3903.0,0.0,2018-01-30,多,开仓,0.0,0,-0.0,3928.0,0,0.0,1,0.0,39030.0
1,3896.0,0.0,2018-01-31,,,-70.0,1,-70.0,3903.0,0,-70.0,0,0.0,0.0
1,3908.0,0.0,2018-02-01,,,120.0,1,120.0,3896.0,0,120.0,0,0.0,0.0
1,3939.0,0.0,2018-02-02,,,310.0,1,310.0,3908.0,0,310.0,0,0.0,0.0
1,3945.0,0.0,2018-02-05,,,60.0,1,60.0,3939.0,0,60.0,0,0.0,0.0
1,3922.0,0.0,2018-02-06,,,-230.0,1,-230.0,3945.0,0,-230.0,0,0.0,0.0
1,3916.0,0.0,2018-02-07,,,-60.0,1,-60.0,3922.0,0,-60.0,0,0.0,0.0
1,3910.0,0.0,2018-02-08,,,-60.0,1,-60.0,3916.0,0,-60.0,0,0.0,0.0
1,3875.0,0.0,2018-02-09,,,-350.0,1,-350.0,3910.0,0,-350.0,0,0.0,0.0
1,3895.0,0.0,2018-02-12,,,200.0,1,200.0,3875.0,0,200.0,0,0.0,0.0
1,3899.0,0.0,2018-02-13,,,40.0,1,40.0,3895.0,0,40.0,0,0.0,0.0
1,3911.0,0.0,2018-02-14,,,120.0,1,120.0,3899.0,0,120.0,0,0.0,0.0
0,3848.0,0.0,2018-02-22,空,平仓,-630.0,1,-630.0,3911.0,0,-630.0,1,0.0,38480.0
1,3930.0,0.0,2018-02-23,多,开仓,0.0,0,0.0,3848.0,0,0.0,1,0.0,39300.0
1,4006.0,0.0,2018-02-26,,,760.0,1,760.0,3930.0,0,760.0,0,0.0,0.0
1,4009.0,0.0,2018-02-27,,,30.0,1,30.0,4006.0,0,30.0,0,0.0,0.0
1,3995.0,0.0,2018-02-28,,,-140.0,1,-140.0,4009.0,0,-140.0,0,0.0,0.0
1,4006.0,0.0,2018-03-01,,,110.0,1,110.0,3995.0,0,110.0,0,0.0,0.0
1,3999.0,0.0,2018-03-02,,,-70.0,1,-70.0,4006.0,0,-70.0,0,0.0,0.0
0,3934.0,0.0,2018-03-05,空,平仓,-650.0,1,-650.0,3999.0,0,-650.0,1,0.0,39340.0
1,3946.0,0.0,2018-03-06,多,开仓,0.0,0,0.0,3934.0,0,0.0,1,0.0,39460.0
0,3873.0,0.0,2018-03-07,空,平仓,-730.0,1,-730.0,3946.0,0,-730.0,1,0.0,38730.0
0,3782.0,0.0,2018-03-08,,,0.0,0,-0.0,3873.0,0,0.0,0,0.0,0.0
0,3691.0,0.0,2018-03-09,,,0.0,0,-0.0,3782.0,0,0.0,0,0.0,0.0
0,3684.0,0.0,2018-03-12,,,0.0,0,-0.0,3691.0,0,0.0,0,0.0,0.0
0,3667.0,0.0,2018-03-13,,,0.0,0,-0.0,3684.0,0,0.0,0,0.0,0.0
0,3699.0,0.0,2018-03-14,,,0.0,0,0.0,3667.0,0,0.0,0,0.0,0.0
0,3707.0,0.0,2018-03-15,,,0.0,0,0.0,3699.0,0,0.0,0,0.0,0.0
0,3676.0,0.0,2018-03-16,,,0.0,0,-0.0,3707.0,0,0.0,0,0.0,0.0
0,3587.0,0.0,2018-03-19,,,0.0,0,-0.0,3676.0,0,0.0,0,0.0,0.0
0,3571.0,0.0,2018-03-20,,,0.0,0,-0.0,3587.0,0,0.0,0,0.0,0.0
0,3537.0,0.0,2018-03-21,,,0.0,0,-0.0,3571.0,0,0.0,0,0.0,0.0
0,3539.0,0.0,2018-03-22,,,0.0,0,0.0,3537.0,0,0.0,0,0.0,0.0
0,3311.0,0.0,2018-03-23,,,0.0,0,-0.0,3539.0,0,0.0,0,0.0,0.0
0,3267.0,0.0,2018-03-26,,,0.0,0,-0.0,3311.0,0,0.0,0,0.0,0.0
0,3316.0,0.0,2018-03-27,,,0.0,0,0.0,3267.0,0,0.0,0,0.0,0.0
0,3302.0,0.0,2018-03-28,,,0.0,0,-0.0,3316.0,0,0.0,0,0.0,0.0
0,3362.0,0.0,2018-03-29,,,0.0,0,0.0,3302.0,0,0.0,0,0.0,0.0
0,3456.0,0.0,2018-03-30,,,0.0,0,0.0,3362.0,0,0.0,0,0.0,0.0
0,3414.0,0.0,2018-04-02,,,0.0,0,-0.0,3456.0,0,0.0,0,0.0,0.0
0,3415.0,0.0,2018-04-03,,,0.0,0,0.0,3414.0,0,0.0,0,0.0,0.0
0,3378.0,0.0,2018-04-04,,,0.0,0,-0.0,3415.0,0,0.0,0,0.0,0.0
0,3453.0,0.0,2018-04-09,,,0.0,0,0.0,3378.0,0,0.0,0,0.0,0.0
0,3460.0,0.0,2018-04-10,,,0.0,0,0.0,3453.0,0,0.0,0,0.0,0.0
0,3435.0,0.0,2018-04-11,,,0.0,0,-0.0,3460.0,0,0.0,0,0.0,0.0
0,3438.0,0.0,2018-04-12,,,0.0,0,0.0,3435.0,0,0.0,0,0.0,0.0
0,3482.0,0.0,2018-04-13,,,0.0,0,0.0,3438.0,0,0.0,0,0.0,0.0
0,3392.0,0.0,2018-04-16,,,0.0,0,-0.0,3482.0,0,0.0,0,0.0,0.0
0,3412.0,0.0,2018-04-17,,,0.0,0,0.0,3392.0,0,0.0,0,0.0,0.0
0,3468.0,0.0,2018-04-18,,,0.0,0,0.0,3412.0,0,0.0,0,0.0,0.0
0,3532.0,0.0,2018-04-19,,,0.0,0,0.0,3468.0,0,0.0,0,0.0,0.0
0,3470.0,0.0,2018-04-20,,,0.0,0,-0.0,3532.0,0,0.0,0,0.0,0.0
0,3555.0,0.0,2018-04-23,,,0.0,0,0.0,3470.0,0,0.0,0,0.0,0.0
0,3572.0,0.0,2018-04-24,,,0.0,0,0.0,3555.0,0,0.0,0,0.0,0.0
0,3579.0,0.0,2018-04-25,,,0.0,0,0.0,3572.0,0,0.0,0,0.0,0.0
0,3561.0,0.0,2018-04-26,,,0.0,0,-0.0,3579.0,0,0.0,0,0.0,0.0
0,3588.0,0.0,2018-04-27,,,0.0,0,0.0,3561.0,0,0.0,0,0.0,0.0
0,3720.0,0.0,2018-05-02,,,0.0,0,0.0,3588.0,0,0.0,0,0.0,0.0
0,3665.0,0.0,2018-05-03,,,0.0,0,-0.0,3720.0,0,0.0,0,0.0,0.0
0,3656.0,0.0,2018-05-04,,,0.0,0,-0.0,3665.0,0,0.0,0,0.0,0.0
0,3650.0,0.0,2018-05-07,,,0.0,0,-0.0,3656.0,0,0.0,0,0.0,0.0
0,3629.0,0.0,2018-05-08,,,0.0,0,-0.0,3650.0,0,0.0,0,0.0,0.0
0,3563.0,0.0,2018-05-09,,,0.0,0,-0.0,3629.0,0,0.0,0,0.0,0.0
0,3605.0,0.0,2018-05-10,,,0.0,0,0.0,3563.0,0,0.0,0,0.0,0.0
0,3663.0,0.0,2018-05-11,,,0.0,0,0.0,3605.0,0,0.0,0,0.0,0.0
0,3655.0,0.0,2018-05-14,,,0.0,0,-0.0,3663.0,0,0.0,0,0.0,0.0
0,3669.0,0.0,2018-05-15,,,0.0,0,0.0,3655.0,0,0.0,0,0.0,0.0
0,3665.0,0.0,2018-05-16,,,0.0,0,-0.0,3669.0,0,0.0,0,0.0,0.0
0,3666.0,0.0,2018-05-17,,,0.0,0,0.0,3665.0,0,0.0,0,0.0,0.0
0,3618.0,0.0,2018-05-18,,,0.0,0,-0.0,3666.0,0,0.0,0,0.0,0.0
0,3576.0,0.0,2018-05-21,,,0.0,0,-0.0,3618.0,0,0.0,0,0.0,0.0
0,3560.0,0.0,2018-05-22,,,0.0,0,-0.0,3576.0,0,0.0,0,0.0,0.0
0,3518.0,0.0,2018-05-23,,,0.0,0,-0.0,3560.0,0,0.0,0,0.0,0.0
0,3570.0,0.0,2018-05-24,,,0.0,0,0.0,3518.0,0,0.0,0,0.0,0.0
0,3550.0,0.0,2018-05-25,,,0.0,0,-0.0,3570.0,0,0.0,0,0.0,0.0
0,3564.0,0.0,2018-05-28,,,0.0,0,0.0,3550.0,0,0.0,0,0.0,0.0
0,3618.0,0.0,2018-05-29,,,0.0,0,0.0,3564.0,0,0.0,0,0.0,0.0
0,3626.0,0.0,2018-05-30,,,0.0,0,0.0,3618.0,0,0.0,0,0.0,0.0
0,3676.0,0.0,2018-05-31,,,0.0,0,0.0,3626.0,0,0.0,0,0.0,0.0
0,3713.0,0.0,2018-06-01,,,0.0,0,0.0,3676.0,0,0.0,0,0.0,0.0
0,3698.0,0.0,2018-06-04,,,0.0,0,-0.0,3713.0,0,0.0,0,0.0,0.0
0,3716.0,0.0,2018-06-05,,,0.0,0,0.0,3698.0,0,0.0,0,0.0,0.0
0,3755.0,0.0,2018-06-06,,,0.0,0,0.0,3716.0,0,0.0,0,0.0,0.0
0,3786.0,0.0,2018-06-07,,,0.0,0,0.0,3755.0,0,0.0,0,0.0,0.0
0,3785.0,0.0,2018-06-08,,,0.0,0,-0.0,3786.0,0,0.0,0,0.0,0.0
0,3781.0,0.0,2018-06-11,,,0.0,0,-0.0,3785.0,0,0.0,0,0.0,0.0
0,3833.0,0.0,2018-06-12,,,0.0,0,0.0,3781.0,0,0.0,0,0.0,0.0
0,3837.0,0.0,2018-06-13,,,0.0,0,0.0,3833.0,0,0.0,0,0.0,0.0
0,3875.0,0.0,2018-06-14,,,0.0,0,0.0,3837.0,0,0.0,0,0.0,0.0
0,3879.0,0.0,2018-06-15,,,0.0,0,0.0,3875.0,0,0.0,0,0.0,0.0
1,3744.0,0.0,2018-06-19,多,开仓,0.0,0,-0.0,3879.0,0,0.0,1,0.0,37440.0
1,3793.0,0.0,2018-06-20,,,490.0,1,490.0,3744.0,0,490.0,0,0.0,0.0
1,3750.0,0.0,2018-06-21,,,-430.0,1,-430.0,3793.0,0,-430.0,0,0.0,0.0
1,3736.0,0.0,2018-06-22,,,-140.0,1,-140.0,3750.0,0,-140.0,0,0.0,0.0
0,3697.0,0.0,2018-06-25,空,平仓,-390.0,1,-390.0,3736.0,0,-390.0,1,0.0,36970.0
0,3647.0,0.0,2018-06-26,,,0.0,0,-0.0,3697.0,0,0.0,0,0.0,0.0
0,3642.0,0.0,2018-06-27,,,0.0,0,-0.0,3647.0,0,0.0,0,0.0,0.0
0,3713.0,0.0,2018-06-28,,,0.0,0,0.0,3642.0,0,0.0,0,0.0,0.0
0,3776.0,0.0,2018-06-29,,,0.0,0,0.0,3713.0,0,0.0,0,0.0,0.0
0,3716.0,0.0,2018-07-02,,,0.0,0,-0.0,3776.0,0,0.0,0,0.0,0.0
0,3715.0,0.0,2018-07-03,,,0.0,0,-0.0,3716.0,0,0.0,0,0.0,0.0
0,3746.0,0.0,2018-07-04,,,0.0,0,0.0,3715.0,0,0.0,0,0.0,0.0
0,3746.0,0.0,2018-07-05,,,0.0,0,0.0,3746.0,0,0.0,0,0.0,0.0
0,3733.0,0.0,2018-07-06,,,0.0,0,-0.0,3746.0,0,0.0,0,0.0,0.0
1,3785.0,0.0,2018-07-09,多,开仓,0.0,0,0.0,3733.0,0,0.0,1,0.0,37850.0
1,3820.0,0.0,2018-07-10,,,350.0,1,350.0,3785.0,0,350.0,0,0.0,0.0
1,3839.0,0.0,2018-07-11,,,190.0,1,190.0,3820.0,0,190.0,0,0.0,0.0
1,3935.0,0.0,2018-07-12,,,960.0,1,960.0,3839.0,0,960.0,0,0.0,0.0
1,3921.0,0.0,2018-07-13,,,-140.0,1,-140.0,3935.0,0,-140.0,0,0.0,0.0
1,3909.0,0.0,2018-07-16,,,-120.0,1,-120.0,3921.0,0,-120.0,0,0.0,0.0
1,3887.0,0.0,2018-07-17,,,-220.0,1,-220.0,3909.0,0,-220.0,0,0.0,0.0
1,3886.0,0.0,2018-07-18,,,-10.0,1,-10.0,3887.0,0,-10.0,0,0.0,0.0
1,3906.0,0.0,2018-07-19,,,200.0,1,200.0,3886.0,0,200.0,0,0.0,0.0
1,3928.0,0.0,2018-07-20,,,220.0,1,220.0,3906.0,0,220.0,0,0.0,0.0
1,3961.0,0.0,2018-07-23,,,330.0,1,330.0,3928.0,0,330.0,0,0.0,0.0
1,3930.0,0.0,2018-07-24,,,-310.0,1,-310.0,3961.0,0,-310.0,0,0.0,0.0
1,3973.0,0.0,2018-07-25,,,430.0,1,430.0,3930.0,0,430.0,0,0.0,0.0
1,3975.0,0.0,2018-07-26,,,20.0,1,20.0,3973.0,0,20.0,0,0.0,0.0
1,4073.0,0.0,2018-07-27,,,980.0,1,980.0,3975.0,0,980.0,0,0.0,0.0
1,4072.0,0.0,2018-07-30,,,-10.0,1,-10.0,4073.0,0,-10.0,0,0.0,0.0
0,4107.0,0.0,2018-07-31,空,平仓,350.0,1,350.0,4072.0,0,350.0,1,0.0,41070.0
0,4064.0,0.0,2018-08-01,,,0.0,0,-0.0,4107.0,0,0.0,0,0.0,0.0
0,4071.0,0.0,2018-08-02,,,0.0,0,0.0,4064.0,0,0.0,0,0.0,0.0
0,4119.0,0.0,2018-08-03,,,0.0,0,0.0,4071.0,0,0.0,0,0.0,0.0
0,4163.0,0.0,2018-08-06,,,0.0,0,0.0,4119.0,0,0.0,0,0.0,0.0
0,4176.0,0.0,2018-08-07,,,0.0,0,0.0,4163.0,0,0.0,0,0.0,0.0
0,4164.0,0.0,2018-08-08,,,0.0,0,-0.0,4176.0,0,0.0,0,0.0,0.0
0,4157.0,0.0,2018-08-09,,,0.0,0,-0.0,4164.0,0,0.0,0,0.0,0.0
0,4114.0,0.0,2018-08-10,,,0.0,0,-0.0,4157.0,0,0.0,0,0.0,0.0
0,4246.0,0.0,2018-08-13,,,0.0,0,0.0,4114.0,0,0.0,0,0.0,0.0
0,4222.0,0.0,2018-08-14,,,0.0,0,-0.0,4246.0,0,0.0,0,0.0,0.0
0,4243.0,0.0,2018-08-15,,,0.0,0,0.0,4222.0,0,0.0,0,0.0,0.0
0,4227.0,0.0,2018-08-16,,,0.0,0,-0.0,4243.0,0,0.0,0,0.0,0.0
0,4356.0,0.0,2018-08-17,,,0.0,0,0.0,4227.0,0,0.0,0,0.0,0.0
0,4428.0,0.0,2018-08-20,,,0.0,0,0.0,4356.0,0,0.0,0,0.0,0.0
0,4369.0,0.0,2018-08-21,,,0.0,0,-0.0,4428.0,0,0.0,0,0.0,0.0
0,4367.0,0.0,2018-08-22,,,0.0,0,-0.0,4369.0,0,0.0,0,0.0,0.0
0,4310.0,0.0,2018-08-23,,,0.0,0,-0.0,4367.0,0,0.0,0,0.0,0.0
0,4358.0,0.0,2018-08-24,,,0.0,0,0.0,4310.0,0,0.0,0,0.0,0.0
1,4240.0,0.0,2018-08-27,多,开仓,0.0,0,-0.0,4358.0,0,0.0,1,0.0,42400.0
1,4268.0,0.0,2018-08-28,,,280.0,1,280.0,4240.0,0,280.0,0,0.0,0.0
1,4199.0,0.0,2018-08-29,,,-690.0,1,-690.0,4268.0,0,-690.0,0,0.0,0.0
0,4151.0,0.0,2018-08-30,空,平仓,-480.0,1,-480.0,4199.0,0,-480.0,1,0.0,41510.0
0,4109.0,0.0,2018-08-31,,,0.0,0,-0.0,4151.0,0,0.0,0,0.0,0.0
0,4111.0,0.0,2018-09-03,,,0.0,0,0.0,4109.0,0,0.0,0,0.0,0.0
0,4130.0,0.0,2018-09-04,,,0.0,0,0.0,4111.0,0,0.0,0,0.0,0.0
0,4106.0,0.0,2018-09-05,,,0.0,0,-0.0,4130.0,0,0.0,0,0.0,0.0
0,4151.0,0.0,2018-09-06,,,0.0,0,0.0,4106.0,0,0.0,0,0.0,0.0
0,4183.0,0.0,2018-09-07,,,0.0,0,0.0,4151.0,0,0.0,0,0.0,0.0
1,4274.0,0.0,2018-09-10,多,开仓,0.0,0,0.0,4183.0,0,0.0,1,0.0,42740.0
0,4070.0,0.0,2018-09-11,空,平仓,-2040.0,1,-2040.0,4274.0,0,-2040.0,1,0.0,40700.0
0,4047.0,0.0,2018-09-12,,,0.0,0,-0.0,4070.0,0,0.0,0,0.0,0.0
0,4072.0,0.0,2018-09-13,,,0.0,0,0.0,4047.0,0,0.0,0,0.0,0.0
0,4098.0,0.0,2018-09-14,,,0.0,0,0.0,4072.0,0,0.0,0,0.0,0.0
0,4109.0,0.0,2018-09-17,,,0.0,0,0.0,4098.0,0,0.0,0,0.0,0.0
0,4168.0,0.0,2018-09-18,,,0.0,0,0.0,4109.0,0,0.0,0,0.0,0.0
0,4151.0,0.0,2018-09-19,,,0.0,0,-0.0,4168.0,0,0.0,0,0.0,0.0
0,4137.0,0.0,2018-09-20,,,0.0,0,-0.0,4151.0,0,0.0,0,0.0,0.0
0,4158.0,0.0,2018-09-21,,,0.0,0,0.0,4137.0,0,0.0,0,0.0,0.0
0,4070.0,0.0,2018-09-25,,,0.0,0,-0.0,4158.0,0,0.0,0,0.0,0.0
0,4067.0,0.0,2018-09-26,,,0.0,0,-0.0,4070.0,0,0.0,0,0.0,0.0
0,4009.0,0.0,2018-09-27,,,0.0,0,-0.0,4067.0,0,0.0,0,0.0,0.0
0,3933.0,0.0,2018-09-28,,,0.0,0,-0.0,4009.0,0,0.0,0,0.0,0.0
