2013-10-09,4598.0000,4648.0000,4478.0000,4482.0000,348084,70826
2013-10-10,4466.0000,4526.0000,4460.0000,4508.0000,211202,59318
2013-10-11,4516.0000,4528.0000,4460.0000,4470.0000,184686,65140
2013-10-14,4480.0000,4494.0000,4438.0000,4448.0000,152084,71040
2013-10-15,4452.0000,4498.0000,4440.0000,4446.0000,205172,67194
2013-10-16,4432.0000,4488.0000,4432.0000,4436.0000,208108,70434
2013-10-17,4452.0000,4464.0000,4412.0000,4414.0000,143604,76362
2013-10-18,4416.0000,4432.0000,4404.0000,4406.0000,90502,78640
2013-10-21,4412.0000,4468.0000,4410.0000,4456.0000,156472,62104
2013-10-22,4446.0000,4456.0000,4432.0000,4444.0000,58382,59474
2013-10-23,4436.0000,4448.0000,4412.0000,4440.0000,85922,57502
2013-10-24,4438.0000,4482.0000,4430.0000,4460.0000,162240,56806
2013-10-25,4464.0000,4466.0000,4410.0000,4410.0000,116512,43412
2013-10-28,4414.0000,4414.0000,4252.0000,4270.0000,357956,97430
2013-10-29,4268.0000,4288.0000,4250.0000,4272.0000,232692,96152
2013-10-30,4272.0000,4330.0000,4230.0000,4318.0000,393468,63580
2013-10-31,4310.0000,4326.0000,4290.0000,4294.0000,129564,56496
2013-11-01,4290.0000,4342.0000,4258.0000,4312.0000,192536,46292
2013-11-04,4282.0000,4338.0000,4282.0000,4316.0000,94986,45510
2013-11-05,4312.0000,4332.0000,4268.0000,4312.0000,127518,43728
2013-11-06,4304.0000,4320.0000,4294.0000,4312.0000,71676,45792
2013-11-07,4316.0000,4326.0000,4272.0000,4278.0000,114216,65332
2013-11-08,4274.0000,4286.0000,4256.0000,4264.0000,104266,72412
2013-11-11,4266.0000,4288.0000,4262.0000,4282.0000,61848,67726
2013-11-12,4276.0000,4310.0000,4272.0000,4306.0000,88762,55092
2013-11-13,4282.0000,4294.0000,4266.0000,4290.0000,65736,57160
2013-11-14,4302.0000,4306.0000,4268.0000,4270.0000,52176,61116
2013-11-15,4270.0000,4288.0000,4250.0000,4274.0000,106202,60764
2013-11-18,4282.0000,4318.0000,4276.0000,4296.0000,49984,55752
2013-11-19,4284.0000,4310.0000,4270.0000,4300.0000,72776,57862
2013-11-20,4300.0000,4330.0000,4300.0000,4314.0000,76396,56864
2013-11-21,4310.0000,4314.0000,4294.0000,4302.0000,33602,54952
2013-11-22,4318.0000,4354.0000,4314.0000,4342.0000,75690,54746
2013-11-25,4340.0000,4372.0000,4320.0000,4360.0000,85036,56340
2013-11-26,4364.0000,4446.0000,4356.0000,4374.0000,228092,50498
2013-11-27,4370.0000,4386.0000,4336.0000,4340.0000,77680,46426
2013-11-28,4334.0000,4362.0000,4322.0000,4350.0000,48134,42292
2013-11-29,4356.0000,4370.0000,4336.0000,4356.0000,42366,40144
2013-12-02,4366.0000,4376.0000,4346.0000,4358.0000,46410,41828
2013-12-03,4364.0000,4404.0000,4356.0000,4386.0000,83056,45078
2013-12-04,4412.0000,4414.0000,4382.0000,4392.0000,94150,50120
2013-12-05,4402.0000,4408.0000,4376.0000,4380.0000,57612,43332
2013-12-06,4386.0000,4432.0000,4364.0000,4426.0000,137768,63982
2013-12-09,4428.0000,4444.0000,4380.0000,4400.0000,120384,51104
2013-12-10,4400.0000,4410.0000,4384.0000,4392.0000,51038,50586
2013-12-11,4394.0000,4406.0000,4384.0000,4394.0000,33482,48892
2013-12-12,4402.0000,4422.0000,4376.0000,4392.0000,80196,53832
2013-12-13,4392.0000,4392.0000,4308.0000,4374.0000,89038,50000
2013-12-16,4382.0000,4386.0000,4340.0000,4366.0000,35422,46722
2013-12-17,4366.0000,4370.0000,4334.0000,4336.0000,35744,45990
2013-12-18,4336.0000,4346.0000,4322.0000,4340.0000,23716,45324
2013-12-19,4340.0000,4356.0000,4334.0000,4334.0000,14312,44202
2013-12-20,4332.0000,4356.0000,4322.0000,4322.0000,31336,46666
2013-12-23,4320.0000,4338.0000,4312.0000,4336.0000,22966,45178
2013-12-24,4334.0000,4340.0000,4322.0000,4332.0000,15920,45402
2013-12-25,4332.0000,4362.0000,4332.0000,4344.0000,16876,46752
2013-12-26,4348.0000,4350.0000,4276.0000,4288.0000,67832,54982
2013-12-27,4282.0000,4334.0000,4268.0000,4324.0000,58462,47448
2013-12-30,4328.0000,4346.0000,4320.0000,4342.0000,22334,42216
2013-12-31,4328.0000,4332.0000,4300.0000,4312.0000,24220,44162
2014-01-02,4310.0000,4322.0000,4292.0000,4300.0000,24404,45482
2014-01-03,4292.0000,4302.0000,4266.0000,4290.0000,25152,45662
2014-01-06,4282.0000,4316.0000,4276.0000,4298.0000,17490,45934
2014-01-07,4286.0000,4300.0000,4262.0000,4262.0000,25656,49250
2014-01-08,4260.0000,4290.0000,4222.0000,4288.0000,38568,46616
2014-01-09,4282.0000,4324.0000,4278.0000,4296.0000,24794,44092
2014-01-10,4294.0000,4318.0000,4274.0000,4296.0000,11184,43332
2014-01-13,4294.0000,4330.0000,4294.0000,4320.0000,12766,42070
2014-01-14,4324.0000,4354.0000,4314.0000,4352.0000,21946,42446
2014-01-15,4332.0000,4382.0000,4332.0000,4378.0000,24686,45478
2014-01-16,4388.0000,4442.0000,4366.0000,4372.0000,17796,42026
2014-01-17,4382.0000,4390.0000,4354.0000,4366.0000,15492,41174
2014-01-20,4366.0000,4384.0000,4344.0000,4366.0000,16408,37306
2014-01-21,4372.0000,4376.0000,4350.0000,4358.0000,9484,36758
2014-01-22,4380.0000,4382.0000,4354.0000,4360.0000,7412,35172
2014-01-23,4368.0000,4368.0000,4360.0000,4366.0000,4306,34914
2014-01-24,4366.0000,4382.0000,4364.0000,4372.0000,8486,31078
2014-01-27,4360.0000,4392.0000,4360.0000,4380.0000,8836,28508
2014-01-28,4380.0000,4394.0000,4376.0000,4380.0000,7726,25298
2014-01-29,4376.0000,4380.0000,4338.0000,4372.0000,8556,23352
2014-01-30,4378.0000,4432.0000,4358.0000,4390.0000,7588,22704
2014-02-07,4394.0000,4424.0000,4394.0000,4422.0000,9496,20468
2014-02-10,4424.0000,4438.0000,4396.0000,4430.0000,11986,19670
2014-02-11,4406.0000,4434.0000,4406.0000,4428.0000,5710,19088
2014-02-12,4424.0000,4426.0000,4358.0000,4364.0000,10930,16016
2014-02-13,4340.0000,4384.0000,4304.0000,4336.0000,3198,16308
2014-02-14,4348.0000,4416.0000,4260.0000,4280.0000,8424,17952
2014-02-17,4368.0000,4392.0000,4326.0000,4350.0000,13682,18466
2014-02-18,4388.0000,4398.0000,4372.0000,4386.0000,7944,13134
2014-02-19,4394.0000,4404.0000,4370.0000,4374.0000,7584,12942
2014-02-20,4370.0000,4378.0000,4318.0000,4356.0000,18720,14846
2014-02-21,4356.0000,4360.0000,4324.0000,4350.0000,9624,15608
2014-02-24,4348.0000,4356.0000,4322.0000,4326.0000,6792,15780
2014-02-25,4332.0000,4344.0000,4322.0000,4326.0000,6120,15548
2014-02-26,4328.0000,4328.0000,4220.0000,4258.0000,31590,22378
2014-02-27,4256.0000,4282.0000,4242.0000,4262.0000,12680,21422
2014-02-28,4260.0000,4268.0000,4246.0000,4260.0000,7354,19936
2014-03-03,4274.0000,4276.0000,4242.0000,4250.0000,6462,20190
2014-03-04,4250.0000,4262.0000,4236.0000,4236.0000,11234,21786
2014-03-05,4244.0000,4282.0000,4242.0000,4256.0000,6542,20934
2014-03-06,4252.0000,4254.0000,4220.0000,4248.0000,11640,21742
2014-03-07,4254.0000,4264.0000,4226.0000,4234.0000,13184,24890
2014-03-10,4222.0000,4228.0000,4146.0000,4182.0000,33154,30556
2014-03-11,4178.0000,4228.0000,4172.0000,4210.0000,16542,29114
2014-03-12,4198.0000,4200.0000,4150.0000,4182.0000,12462,29608
2014-03-13,4180.0000,4190.0000,4170.0000,4182.0000,11202,32450
2014-03-14,4176.0000,4184.0000,4152.0000,4180.0000,10010,31576
2014-03-17,4182.0000,4198.0000,4168.0000,4180.0000,10010,31636
2014-03-18,4188.0000,4200.0000,4184.0000,4196.0000,7720,29958
2014-03-19,4198.0000,4232.0000,4196.0000,4216.0000,19360,31438
2014-03-20,4228.0000,4238.0000,4218.0000,4220.0000,11134,30526
2014-03-21,4218.0000,4228.0000,4198.0000,4222.0000,11526,29810
2014-03-24,4220.0000,4238.0000,4220.0000,4230.0000,9516,29374
2014-03-25,4230.0000,4256.0000,4222.0000,4240.0000,13692,26484
2014-03-26,4238.0000,4250.0000,4214.0000,4220.0000,12984,26318
2014-03-27,4222.0000,4224.0000,4208.0000,4216.0000,8942,25290
2014-03-28,4214.0000,4220.0000,4050.0000,4172.0000,31654,28460
2014-03-31,4292.0000,4292.0000,4170.0000,4172.0000,14026,26280
2014-04-01,4168.0000,4186.0000,4162.0000,4180.0000,5332,27222
2014-04-02,4178.0000,4184.0000,4144.0000,4148.0000,12436,29822
2014-04-03,4144.0000,4150.0000,4098.0000,4120.0000,16014,34862
2014-04-04,4122.0000,4140.0000,4118.0000,4134.0000,8812,31510
2014-04-08,4136.0000,4188.0000,4132.0000,4158.0000,16758,29928
2014-04-09,4162.0000,4176.0000,4156.0000,4162.0000,7140,30740
2014-04-10,4164.0000,4166.0000,4148.0000,4158.0000,8186,32584
2014-04-11,4154.0000,4170.0000,4150.0000,4168.0000,5030,32472
2014-04-14,4170.0000,4236.0000,4170.0000,4218.0000,21388,30526
2014-04-15,4238.0000,4238.0000,4214.0000,4220.0000,4172,29582
2014-04-16,4218.0000,4234.0000,4194.0000,4202.0000,17558,30720
2014-04-17,4204.0000,4204.0000,4180.0000,4188.0000,10174,29684
2014-04-18,4188.0000,4194.0000,4170.0000,4184.0000,10504,27608
2014-04-21,4192.0000,4208.0000,4146.0000,4172.0000,10700,27450
2014-04-22,4170.0000,4178.0000,4152.0000,4178.0000,10740,26508
2014-04-23,4182.0000,4182.0000,4160.0000,4176.0000,6368,26640
2014-04-24,4176.0000,4212.0000,4172.0000,4210.0000,14190,25928
2014-04-25,4208.0000,4218.0000,4194.0000,4200.0000,6836,26252
2014-04-28,4196.0000,4218.0000,4192.0000,4214.0000,10672,26428
2014-04-29,4216.0000,4218.0000,4202.0000,4214.0000,9540,26266
2014-04-30,4218.0000,4242.0000,4206.0000,4238.0000,11794,23680
2014-05-05,4240.0000,4242.0000,4216.0000,4236.0000,7940,22182
2014-05-06,4228.0000,4240.0000,4224.0000,4230.0000,5540,24086
2014-05-07,4230.0000,4240.0000,4198.0000,4202.0000,4836,24230
2014-05-08,4194.0000,4226.0000,4194.0000,4218.0000,4828,25410
2014-05-09,4220.0000,4224.0000,4216.0000,4222.0000,2202,25464
2014-05-12,4220.0000,4232.0000,4220.0000,4224.0000,1944,25378
2014-05-13,4224.0000,4234.0000,4218.0000,4228.0000,2188,25356
2014-05-14,4226.0000,4232.0000,4224.0000,4228.0000,1428,25384
2014-05-15,4228.0000,4230.0000,4222.0000,4224.0000,1542,25114
2014-05-16,4222.0000,4226.0000,4210.0000,4226.0000,3156,25198
2014-05-19,4232.0000,4232.0000,4212.0000,4220.0000,4078,25620
2014-05-20,4214.0000,4224.0000,4214.0000,4224.0000,2772,25972
2014-05-21,4222.0000,4238.0000,4214.0000,4228.0000,7810,25728
2014-05-22,4228.0000,4244.0000,4224.0000,4234.0000,4634,26156
2014-05-23,4232.0000,4238.0000,4230.0000,4230.0000,2536,26292
2014-05-26,4230.0000,4234.0000,4216.0000,4224.0000,2294,26754
2014-05-27,4224.0000,4230.0000,4182.0000,4186.0000,7746,27460
2014-05-28,4184.0000,4184.0000,4148.0000,4152.0000,6540,27868
2014-05-29,4160.0000,4162.0000,4138.0000,4158.0000,6194,30124
2014-05-30,4158.0000,4178.0000,4150.0000,4172.0000,5784,30770
2014-06-03,4174.0000,4178.0000,4142.0000,4164.0000,5900,32956
2014-06-04,4158.0000,4176.0000,4158.0000,4172.0000,2568,33848
2014-06-05,4174.0000,4176.0000,4168.0000,4172.0000,2208,34422
2014-06-06,4172.0000,4176.0000,4164.0000,4172.0000,1978,34518
2014-06-09,4170.0000,4178.0000,4168.0000,4174.0000,3708,35202
2014-06-10,4174.0000,4184.0000,4172.0000,4178.0000,4204,35592
2014-06-11,4178.0000,4184.0000,4162.0000,4178.0000,5184,35870
2014-06-12,4178.0000,4188.0000,4174.0000,4184.0000,1480,35814
2014-06-13,4182.0000,4238.0000,4182.0000,4216.0000,5960,35230
2014-06-16,4214.0000,4218.0000,4176.0000,4180.0000,2332,35058
2014-06-17,4252.0000,4260.0000,4248.0000,4254.0000,1244,27256
2014-06-18,4254.0000,4256.0000,4252.0000,4252.0000,1092,27016
2014-06-19,4250.0000,4252.0000,4236.0000,4238.0000,1934,27076
2014-06-20,4238.0000,4244.0000,4234.0000,4238.0000,1476,26868
2014-06-23,4242.0000,4272.0000,4242.0000,4254.0000,2068,26786
2014-06-24,4256.0000,4264.0000,4232.0000,4246.0000,2198,27460
2014-06-25,4242.0000,4252.0000,4240.0000,4246.0000,518,27498
2014-06-26,4248.0000,4252.0000,4238.0000,4240.0000,1056,27322
2014-06-27,4238.0000,4250.0000,4236.0000,4246.0000,678,27138
2014-06-30,4252.0000,4260.0000,4248.0000,4256.0000,1406,27106
2014-07-01,4252.0000,4256.0000,4220.0000,4244.0000,2072,26746
2014-07-02,4242.0000,4266.0000,4236.0000,4264.0000,3660,26666
2014-07-03,4270.0000,4280.0000,4260.0000,4278.0000,6026,26492
2014-07-04,4284.0000,4306.0000,4276.0000,4286.0000,5864,28088
2014-07-07,4292.0000,4292.0000,4268.0000,4272.0000,3064,28040
2014-07-08,4270.0000,4278.0000,4252.0000,4256.0000,3032,28928
2014-07-09,4266.0000,4266.0000,4250.0000,4252.0000,2030,29656
2014-07-10,4258.0000,4266.0000,4252.0000,4258.0000,1696,29936
2014-07-11,4268.0000,4268.0000,4258.0000,4262.0000,1214,29672
2014-07-14,4264.0000,4264.0000,4254.0000,4260.0000,1870,29060
2014-07-15,4264.0000,4276.0000,4264.0000,4274.0000,1596,28828
2014-07-16,4270.0000,4278.0000,4266.0000,4266.0000,1772,28510
2014-07-17,4270.0000,4272.0000,4264.0000,4270.0000,1324,28102
2014-07-18,4272.0000,4272.0000,4266.0000,4270.0000,802,27812
2014-07-21,4272.0000,4276.0000,4250.0000,4258.0000,3842,29116
2014-07-22,4262.0000,4262.0000,4244.0000,4250.0000,3514,28938
2014-07-23,4252.0000,4252.0000,4242.0000,4242.0000,5358,29332
2014-07-24,4244.0000,4250.0000,4230.0000,4246.0000,5798,29664
2014-07-25,4248.0000,4256.0000,4238.0000,4254.0000,4004,28114
2014-07-28,4254.0000,4270.0000,4248.0000,4270.0000,3596,26772
2014-07-29,4274.0000,4284.0000,4266.0000,4268.0000,1900,26816
2014-07-30,4268.0000,4268.0000,4250.0000,4252.0000,3128,26276
2014-07-31,4252.0000,4262.0000,4242.0000,4250.0000,7374,26086
2014-08-01,4232.0000,4256.0000,4232.0000,4254.0000,2862,25960
2014-08-04,4258.0000,4272.0000,4246.0000,4268.0000,2458,25816
2014-08-05,4268.0000,4288.0000,4260.0000,4286.0000,4072,25286
2014-08-06,4290.0000,4290.0000,4250.0000,4262.0000,2862,25438
2014-08-07,4266.0000,4268.0000,4250.0000,4256.0000,3384,26462
2014-08-08,4258.0000,4268.0000,4256.0000,4262.0000,2096,25434
2014-08-11,4254.0000,4268.0000,4252.0000,4252.0000,1452,25184
2014-08-12,4252.0000,4252.0000,4204.0000,4228.0000,2040,25118
2014-08-13,4222.0000,4226.0000,4194.0000,4218.0000,2472,25248
2014-08-14,4204.0000,4218.0000,4196.0000,4214.0000,974,25162
2014-08-15,4200.0000,4216.0000,4178.0000,4192.0000,2044,25584
2014-08-18,4188.0000,4200.0000,4186.0000,4200.0000,1746,24980
2014-08-19,4186.0000,4228.0000,4176.0000,4204.0000,1970,24982
2014-08-20,4210.0000,4222.0000,4204.0000,4220.0000,662,24700
2014-08-21,4226.0000,4242.0000,4226.0000,4238.0000,1564,24750
2014-08-22,4246.0000,4246.0000,4232.0000,4234.0000,1516,24742
2014-08-25,4246.0000,4256.0000,4234.0000,4248.0000,1778,24470
2014-08-26,4254.0000,4274.0000,4250.0000,4266.0000,5406,23274
2014-08-27,4272.0000,4276.0000,4264.0000,4274.0000,2968,22070
2014-08-28,4274.0000,4288.0000,4272.0000,4286.0000,6708,21326
2014-08-29,4286.0000,4286.0000,4256.0000,4270.0000,1940,21268
2014-09-01,4272.0000,4278.0000,4268.0000,4276.0000,794,20748
2014-09-02,4272.0000,4288.0000,4268.0000,4286.0000,1822,19258
2014-09-03,4280.0000,4308.0000,4280.0000,4282.0000,1986,17794
2014-09-04,4282.0000,4294.0000,4282.0000,4294.0000,1138,16988
2014-09-05,4290.0000,4336.0000,4282.0000,4336.0000,1586,15734
2014-09-09,4336.0000,4336.0000,4290.0000,4312.0000,4950,15318
2014-09-10,4306.0000,4336.0000,4304.0000,4336.0000,924,14532
2014-09-11,4320.0000,4486.0000,4320.0000,4486.0000,624,14030
2014-09-12,4480.0000,4564.0000,4340.0000,4564.0000,278,13960
2014-09-15,4542.0000,4542.0000,4540.0000,4540.0000,814,13210
2014-09-16,4282.0000,4282.0000,4186.0000,4186.0000,86,484
2014-09-17,4192.0000,4204.0000,4190.0000,4202.0000,24,488
2014-09-18,4202.0000,4202.0000,4164.0000,4178.0000,72,520
2014-09-19,4174.0000,4174.0000,4030.0000,4094.0000,98,500
2014-09-22,4118.0000,4258.0000,4010.0000,4064.0000,218,498
2014-09-23,4074.0000,4076.0000,4038.0000,4074.0000,18,494
2014-09-24,4048.0000,4048.0000,4048.0000,4048.0000,6,492
2014-09-25,4004.0000,4076.0000,4004.0000,4064.0000,46,508
2014-09-26,4068.0000,4098.0000,4050.0000,4050.0000,24,512
2014-09-29,4226.0000,4226.0000,4060.0000,4148.0000,62,518
2014-09-30,4060.0000,4154.0000,4060.0000,4116.0000,12,522
2014-10-08,4350.0000,4356.0000,4032.0000,4140.0000,34,522
2014-10-09,4080.0000,4174.0000,4060.0000,4090.0000,96,518
2014-10-10,4132.0000,4152.0000,4086.0000,4086.0000,46,526
2014-10-13,4080.0000,4128.0000,4080.0000,4098.0000,148,546
2014-10-14,4148.0000,4150.0000,4084.0000,4118.0000,166,540
2014-10-15,4104.0000,4104.0000,4066.0000,4066.0000,72,558
2014-10-16,4080.0000,4080.0000,4070.0000,4070.0000,14,568
2014-10-17,4074.0000,4098.0000,4068.0000,4082.0000,178,558
2014-10-20,4068.0000,4074.0000,4064.0000,4074.0000,18,568
2014-10-21,4110.0000,4110.0000,4080.0000,4086.0000,208,568
2014-10-22,4134.0000,4134.0000,4082.0000,4094.0000,140,572
2014-10-23,4084.0000,4094.0000,4084.0000,4094.0000,8,568
2014-10-24,4096.0000,4106.0000,4092.0000,4100.0000,22,570
2014-10-27,4096.0000,4096.0000,4078.0000,4078.0000,18,564
2014-10-28,4060.0000,4060.0000,4024.0000,4052.0000,12,564
2014-10-29,4078.0000,4082.0000,4050.0000,4072.0000,78,514
2014-10-30,4118.0000,4118.0000,4056.0000,4068.0000,24,500
2014-10-31,4048.0000,4094.0000,4048.0000,4068.0000,16,494
2014-11-03,4100.0000,4106.0000,4064.0000,4068.0000,152,490
2014-11-04,4050.0000,4080.0000,4050.0000,4068.0000,56,458
2014-11-05,4080.0000,4080.0000,4032.0000,4032.0000,56,430
2014-11-06,4036.0000,4036.0000,4034.0000,4034.0000,26,430
2014-11-07,4024.0000,4036.0000,4020.0000,4020.0000,40,412
2014-11-10,4002.0000,4022.0000,3996.0000,4010.0000,52,392
2014-11-11,3996.0000,4002.0000,3992.0000,3992.0000,20,376
2014-11-12,4004.0000,4042.0000,4004.0000,4028.0000,376,352
2014-11-13,4018.0000,4026.0000,3980.0000,3980.0000,88,324
2014-11-14,3864.0000,4020.0000,3864.0000,3896.0000,128,330
2014-11-17,3908.0000,4006.0000,3788.0000,3798.0000,356,336
2014-11-18,3774.0000,3774.0000,3696.0000,3706.0000,156,358
2014-11-19,3664.0000,3836.0000,3664.0000,3744.0000,196,340
2014-11-20,3680.0000,3728.0000,3680.0000,3726.0000,22,338
2014-11-21,3688.0000,3750.0000,3684.0000,3724.0000,12,334
2014-11-24,3674.0000,3792.0000,3674.0000,3762.0000,38,322
2014-11-25,3714.0000,3764.0000,3712.0000,3722.0000,14,324
2014-11-26,3676.0000,3680.0000,3668.0000,3670.0000,40,322
2014-11-27,3688.0000,3690.0000,3646.0000,3646.0000,28,314
2014-11-28,3524.0000,3662.0000,3524.0000,3530.0000,92,332
2014-12-01,3702.0000,3702.0000,3544.0000,3678.0000,46,330
2014-12-03,3664.0000,3800.0000,3582.0000,3734.0000,54,332
2014-12-04,3668.0000,3690.0000,3628.0000,3640.0000,26,334
2014-12-05,3572.0000,3740.0000,3522.0000,3536.0000,52,320
2014-12-08,3348.0000,3452.0000,3324.0000,3376.0000,138,284
2014-12-09,3396.0000,3424.0000,3362.0000,3372.0000,50,288
2014-12-10,3360.0000,3568.0000,3360.0000,3506.0000,150,166
2014-12-11,3490.0000,3510.0000,3450.0000,3452.0000,20,164
2014-12-12,3498.0000,3522.0000,3452.0000,3522.0000,12,166
2014-12-16,3482.0000,3482.0000,3476.0000,3476.0000,22,144
2014-12-17,3510.0000,3510.0000,3492.0000,3498.0000,26,156
2014-12-18,3486.0000,3504.0000,3428.0000,3500.0000,28,160
2014-12-24,3558.0000,3564.0000,3380.0000,3490.0000,20,160
2014-12-25,3544.0000,3544.0000,3412.0000,3474.0000,20,158
2014-12-26,3472.0000,3496.0000,3460.0000,3496.0000,8,158
2014-12-29,3442.0000,3554.0000,3434.0000,3532.0000,38,164
2014-12-30,3642.0000,3642.0000,3388.0000,3524.0000,130,164
2014-12-31,3550.0000,3550.0000,3502.0000,3516.0000,42,166
2015-01-05,3500.0000,3502.0000,3482.0000,3484.0000,34,166
2015-01-06,3492.0000,3674.0000,3434.0000,3478.0000,318,362
2015-01-07,3468.0000,3496.0000,3426.0000,3446.0000,122,450
2015-01-08,3500.0000,3550.0000,3378.0000,3410.0000,306,628
2015-01-09,3398.0000,3398.0000,3260.0000,3264.0000,478,652
2015-01-12,3246.0000,3262.0000,3064.0000,3092.0000,1680,1246
2015-01-13,3012.0000,3100.0000,2962.0000,2962.0000,2132,1666
2015-01-14,2966.0000,3034.0000,2834.0000,2930.0000,8450,2526
2015-01-15,2940.0000,3026.0000,2852.0000,2964.0000,10706,2962
2015-01-16,2994.0000,3048.0000,2942.0000,2966.0000,6784,3052
2015-01-19,2966.0000,2992.0000,2886.0000,2892.0000,7340,4230
2015-01-20,2896.0000,2912.0000,2874.0000,2892.0000,5308,4404
2015-01-21,2908.0000,2910.0000,2836.0000,2852.0000,7658,4822
2015-01-22,2856.0000,2904.0000,2854.0000,2884.0000,6790,5042
2015-01-23,2896.0000,2900.0000,2860.0000,2866.0000,4452,5464
2015-01-26,2866.0000,2866.0000,2746.0000,2748.0000,8410,6440
2015-01-27,2770.0000,2800.0000,2754.0000,2772.0000,7594,6400
2015-01-28,2772.0000,2826.0000,2770.0000,2790.0000,5752,5988
2015-01-29,2790.0000,2798.0000,2770.0000,2782.0000,3802,6442
2015-01-30,2798.0000,2798.0000,2746.0000,2748.0000,4694,6784
2015-02-02,2760.0000,2794.0000,2712.0000,2774.0000,9612,7304
2015-02-03,2786.0000,2844.0000,2770.0000,2838.0000,11418,7888
2015-02-04,2864.0000,2866.0000,2794.0000,2816.0000,14978,9074
2015-02-05,2824.0000,2824.0000,2776.0000,2782.0000,9480,9980
2015-02-06,2800.0000,2832.0000,2792.0000,2826.0000,10326,9782
2015-02-09,2822.0000,2836.0000,2808.0000,2824.0000,6876,9880
2015-02-10,2826.0000,2838.0000,2812.0000,2824.0000,4692,9762
2015-02-11,2824.0000,2842.0000,2818.0000,2830.0000,5090,9808
2015-02-12,2826.0000,2858.0000,2820.0000,2854.0000,5408,9002
2015-02-13,2858.0000,2972.0000,2856.0000,2970.0000,15056,9764
2015-02-16,2964.0000,3030.0000,2956.0000,2970.0000,13426,9350
2015-02-17,2966.0000,2992.0000,2918.0000,2974.0000,9374,8622
2015-02-25,2934.0000,2942.0000,2782.0000,2932.0000,5952,7736
2015-02-26,2912.0000,3034.0000,2912.0000,3026.0000,15380,9556
2015-02-27,3022.0000,3090.0000,3010.0000,3080.0000,26494,11522
2015-03-02,3102.0000,3194.0000,3086.0000,3160.0000,35488,16858
2015-03-03,3150.0000,3292.0000,3146.0000,3204.0000,73944,18258
2015-03-04,3212.0000,3218.0000,3142.0000,3170.0000,43574,18534
2015-03-05,3184.0000,3190.0000,3024.0000,3052.0000,65994,18840
2015-03-06,3056.0000,3132.0000,2998.0000,3006.0000,63450,19614
2015-03-09,3004.0000,3060.0000,2940.0000,3026.0000,95130,20112
2015-03-10,3004.0000,3052.0000,2968.0000,2986.0000,50268,19350
2015-03-11,2970.0000,2990.0000,2938.0000,2962.0000,34868,20388
2015-03-12,2964.0000,3034.0000,2964.0000,3028.0000,40072,20702
2015-03-13,3034.0000,3068.0000,3018.0000,3054.0000,46976,21526
2015-03-16,3036.0000,3040.0000,2950.0000,2996.0000,43948,19344
2015-03-17,2992.0000,3022.0000,2976.0000,2992.0000,31506,18974
2015-03-18,2982.0000,3012.0000,2956.0000,2974.0000,26266,19418
2015-03-19,2962.0000,3048.0000,2952.0000,2998.0000,34282,19246
2015-03-20,2984.0000,3020.0000,2984.0000,2996.0000,21808,18860
2015-03-23,3008.0000,3114.0000,3008.0000,3098.0000,52624,23684
2015-03-24,3120.0000,3168.0000,3072.0000,3124.0000,66204,23886
2015-03-25,3144.0000,3164.0000,3078.0000,3094.0000,37084,24240
2015-03-26,3114.0000,3188.0000,3106.0000,3166.0000,80980,27106
2015-03-27,3144.0000,3180.0000,3086.0000,3128.0000,65700,25186
2015-03-30,3136.0000,3152.0000,3072.0000,3082.0000,46238,23574
2015-03-31,3094.0000,3136.0000,3078.0000,3088.0000,41130,22748
2015-04-01,3084.0000,3114.0000,3072.0000,3108.0000,32300,21868
2015-04-02,3098.0000,3242.0000,3098.0000,3242.0000,103326,30992
2015-04-03,3238.0000,3360.0000,3206.0000,3280.0000,209808,32002
2015-04-07,3324.0000,3394.0000,3324.0000,3368.0000,59570,33082
2015-04-08,3362.0000,3394.0000,3262.0000,3330.0000,145542,30232
2015-04-09,3334.0000,3340.0000,3240.0000,3298.0000,115854,32556
2015-04-10,3302.0000,3434.0000,3298.0000,3372.0000,255878,44034
2015-04-13,3370.0000,3456.0000,3354.0000,3386.0000,196502,44078
2015-04-14,3408.0000,3436.0000,3330.0000,3364.0000,135586,43710
2015-04-15,3366.0000,3424.0000,3354.0000,3374.0000,159910,44730
2015-04-16,3378.0000,3474.0000,3368.0000,3450.0000,239992,53964
2015-04-17,3438.0000,3466.0000,3386.0000,3408.0000,177738,50024
2015-04-20,3402.0000,3422.0000,3296.0000,3312.0000,172774,52498
2015-04-21,3290.0000,3306.0000,3202.0000,3222.0000,227918,51496
2015-04-22,3228.0000,3302.0000,3228.0000,3258.0000,176742,51016
2015-04-23,3272.0000,3300.0000,3180.0000,3214.0000,188242,58886
2015-04-24,3236.0000,3284.0000,3206.0000,3260.0000,183216,58998
2015-04-27,3268.0000,3340.0000,3250.0000,3312.0000,212064,59492
2015-04-28,3320.0000,3370.0000,3300.0000,3306.0000,183576,60842
2015-04-29,3328.0000,3334.0000,3232.0000,3250.0000,141188,56802
2015-04-30,3248.0000,3280.0000,3234.0000,3254.0000,124522,58468
2015-05-04,3274.0000,3294.0000,3222.0000,3270.0000,67982,57830
2015-05-05,3284.0000,3340.0000,3276.0000,3338.0000,170956,63054
2015-05-06,3376.0000,3386.0000,3330.0000,3348.0000,152554,60778
2015-05-07,3364.0000,3370.0000,3256.0000,3278.0000,125600,59016
2015-05-08,3276.0000,3278.0000,3170.0000,3198.0000,137882,61984
2015-05-11,3208.0000,3308.0000,3208.0000,3256.0000,123384,65292
2015-05-12,3250.0000,3258.0000,3200.0000,3212.0000,71202,63646
2015-05-13,3232.0000,3268.0000,3222.0000,3246.0000,69232,64848
2015-05-14,3260.0000,3260.0000,3200.0000,3222.0000,62960,63956
2015-05-15,3234.0000,3234.0000,3202.0000,3216.0000,50726,65914
2015-05-18,3198.0000,3214.0000,3146.0000,3152.0000,52342,68310
2015-05-19,3138.0000,3164.0000,3056.0000,3090.0000,91186,69858
2015-05-20,3090.0000,3090.0000,2992.0000,3014.0000,81818,66888
2015-05-21,3008.0000,3050.0000,3008.0000,3044.0000,43334,68710
2015-05-22,3046.0000,3088.0000,3018.0000,3060.0000,55584,69104
2015-05-25,3008.0000,3068.0000,3008.0000,3058.0000,37168,68192
2015-05-26,3056.0000,3122.0000,3046.0000,3072.0000,43348,66806
2015-05-27,3060.0000,3078.0000,3020.0000,3072.0000,31122,65616
2015-05-28,3064.0000,3078.0000,3048.0000,3070.0000,33652,62372
2015-05-29,3070.0000,3090.0000,3058.0000,3078.0000,42284,62260
2015-06-01,3086.0000,3130.0000,3072.0000,3104.0000,47148,61368
2015-06-02,3116.0000,3130.0000,3084.0000,3098.0000,36766,62154
2015-06-03,3104.0000,3128.0000,3102.0000,3118.0000,33306,61600
2015-06-04,3108.0000,3116.0000,3030.0000,3040.0000,53520,66710
2015-06-05,3064.0000,3064.0000,3000.0000,3002.0000,51962,68368
2015-06-08,3014.0000,3024.0000,2982.0000,2996.0000,50572,73142
2015-06-09,2994.0000,3012.0000,2988.0000,2988.0000,30560,74300
2015-06-10,2998.0000,3056.0000,2998.0000,3016.0000,45936,71588
2015-06-11,3020.0000,3086.0000,3010.0000,3048.0000,25888,71392
2015-06-12,3022.0000,3026.0000,2922.0000,2922.0000,50422,77616
2015-06-15,2916.0000,2936.0000,2880.0000,2916.0000,32324,76140
2015-06-16,2978.0000,3026.0000,2964.0000,3014.0000,32258,48000
2015-06-17,3012.0000,3012.0000,2980.0000,2988.0000,21496,48296
2015-06-18,3008.0000,3034.0000,2984.0000,2998.0000,28940,48930
2015-06-19,3018.0000,3020.0000,2954.0000,2960.0000,36472,53320
2015-06-23,2962.0000,2970.0000,2918.0000,2926.0000,31644,56036
2015-06-24,2922.0000,2978.0000,2918.0000,2978.0000,32578,52374
2015-06-25,2978.0000,2988.0000,2950.0000,2952.0000,32022,53250
2015-06-26,2950.0000,2974.0000,2938.0000,2962.0000,32448,51254
2015-06-29,2950.0000,2972.0000,2924.0000,2938.0000,31176,49980
2015-06-30,2932.0000,2950.0000,2806.0000,2814.0000,52294,48708
2015-07-01,2834.0000,2850.0000,2810.0000,2828.0000,31644,49872
2015-07-02,2828.0000,2832.0000,2776.0000,2818.0000,36746,50900
2015-07-03,2832.0000,2900.0000,2826.0000,2862.0000,54310,47040
2015-07-06,2872.0000,2874.0000,2722.0000,2728.0000,46486,48570
2015-07-07,2720.0000,2738.0000,2636.0000,2636.0000,60160,50156
2015-07-08,2600.0000,2632.0000,2466.0000,2466.0000,43396,45484
2015-07-09,2404.0000,2688.0000,2250.0000,2518.0000,154400,39852
2015-07-10,2554.0000,2594.0000,2504.0000,2548.0000,123190,42420
2015-07-13,2536.0000,2578.0000,2470.0000,2490.0000,93662,45360
2015-07-14,2510.0000,2560.0000,2494.0000,2500.0000,106374,44516
2015-07-15,2516.0000,2580.0000,2512.0000,2566.0000,98966,40018
2015-07-16,2560.0000,2568.0000,2512.0000,2552.0000,86938,41324
2015-07-17,2558.0000,2592.0000,2538.0000,2572.0000,74122,39814
2015-07-20,2540.0000,2602.0000,2532.0000,2594.0000,73540,40056
2015-07-21,2606.0000,2610.0000,2572.0000,2590.0000,54822,38230
2015-07-22,2596.0000,2672.0000,2586.0000,2628.0000,118036,35066
2015-07-23,2622.0000,2642.0000,2586.0000,2616.0000,76286,34976
2015-07-24,2622.0000,2660.0000,2590.0000,2604.0000,98768,35872
2015-07-27,2610.0000,2612.0000,2492.0000,2492.0000,181254,48696
2015-07-28,2452.0000,2546.0000,2414.0000,2498.0000,164832,38472
2015-07-29,2500.0000,2552.0000,2486.0000,2528.0000,102358,37500
2015-07-30,2518.0000,2570.0000,2496.0000,2526.0000,122232,33420
2015-07-31,2542.0000,2556.0000,2516.0000,2532.0000,74860,33842
2015-08-03,2526.0000,2568.0000,2414.0000,2436.0000,125774,36902
2015-08-04,2412.0000,2486.0000,2406.0000,2464.0000,89038,34914
2015-08-05,2486.0000,2494.0000,2442.0000,2480.0000,63998,33924
2015-08-06,2488.0000,2488.0000,2440.0000,2450.0000,63654,33674
2015-08-07,2448.0000,2544.0000,2432.0000,2538.0000,64886,34380
2015-08-10,2502.0000,2588.0000,2502.0000,2588.0000,155596,36040
2015-08-11,2604.0000,2644.0000,2550.0000,2554.0000,154238,40596
2015-08-12,2540.0000,2544.0000,2504.0000,2538.0000,110482,40230
2015-08-13,2548.0000,2578.0000,2516.0000,2556.0000,103560,40954
2015-08-14,2530.0000,2576.0000,2518.0000,2518.0000,104370,38514
2015-08-17,2530.0000,2552.0000,2436.0000,2454.0000,110788,41974
2015-08-18,2446.0000,2490.0000,2440.0000,2446.0000,104824,42918
2015-08-19,2450.0000,2468.0000,2406.0000,2464.0000,119226,42518
2015-08-20,2470.0000,2470.0000,2398.0000,2406.0000,124792,52674
2015-08-21,2430.0000,2430.0000,2332.0000,2350.0000,173884,62222
2015-08-24,2338.0000,2358.0000,2256.0000,2256.0000,163242,57760
2015-08-25,2244.0000,2310.0000,2188.0000,2246.0000,224802,50424
2015-08-26,2304.0000,2318.0000,2248.0000,2262.0000,163572,48880
2015-08-27,2268.0000,2374.0000,2244.0000,2370.0000,231508,43916
2015-08-28,2380.0000,2422.0000,2356.0000,2376.0000,221706,41364
2015-08-31,2364.0000,2410.0000,2336.0000,2360.0000,272766,40640
2015-09-01,2354.0000,2434.0000,2336.0000,2404.0000,297438,38288
2015-09-02,2368.0000,2404.0000,2300.0000,2302.0000,287696,44870
2015-09-07,2280.0000,2334.0000,2268.0000,2306.0000,134392,47832
2015-09-08,2310.0000,2324.0000,2286.0000,2324.0000,168226,46908
2015-09-09,2346.0000,2394.0000,2334.0000,2360.0000,320082,43370
2015-09-10,2360.0000,2468.0000,2342.0000,2458.0000,369698,56226
2015-09-11,2478.0000,2484.0000,2428.0000,2444.0000,479640,55546
2015-09-14,2434.0000,2548.0000,2424.0000,2502.0000,1100400,79350
2015-09-15,2498.0000,2554.0000,2390.0000,2418.0000,1494106,103266
2015-09-16,2420.0000,2446.0000,2394.0000,2436.0000,1062878,98954
2015-09-17,2448.0000,2460.0000,2408.0000,2412.0000,844218,105670
2015-09-18,2402.0000,2428.0000,2364.0000,2372.0000,712262,105404
2015-09-21,2360.0000,2404.0000,2336.0000,2402.0000,592808,101866
2015-09-22,2408.0000,2414.0000,2338.0000,2346.0000,504884,111072
2015-09-23,2330.0000,2380.0000,2322.0000,2360.0000,499582,102088
2015-09-24,2356.0000,2396.0000,2348.0000,2372.0000,516284,102014
2015-09-25,2360.0000,2398.0000,2350.0000,2364.0000,489264,86066
2015-09-28,2368.0000,2368.0000,2326.0000,2366.0000,261586,82464
2015-09-29,2356.0000,2386.0000,2302.0000,2328.0000,613286,65252
2015-09-30,2346.0000,2352.0000,2308.0000,2344.0000,251382,51514
2015-10-08,2400.0000,2444.0000,2370.0000,2380.0000,170914,57296
2015-10-09,2382.0000,2468.0000,2378.0000,2462.0000,499380,78570
2015-10-12,2454.0000,2462.0000,2408.0000,2436.0000,427702,92890
2015-10-13,2426.0000,2428.0000,2372.0000,2418.0000,409536,86642
2015-10-14,2408.0000,2440.0000,2404.0000,2414.0000,339046,89332
2015-10-15,2416.0000,2444.0000,2404.0000,2412.0000,327006,93022
2015-10-16,2404.0000,2446.0000,2392.0000,2428.0000,427686,95192
2015-10-19,2422.0000,2488.0000,2418.0000,2444.0000,703870,121566
2015-10-20,2430.0000,2440.0000,2358.0000,2380.0000,585280,110946
2015-10-21,2384.0000,2384.0000,2274.0000,2284.0000,706738,120904
2015-10-22,2284.0000,2292.0000,2232.0000,2258.0000,867300,129502
2015-10-23,2262.0000,2282.0000,2156.0000,2206.0000,1187654,168036
2015-10-26,2200.0000,2236.0000,2164.0000,2214.0000,995272,160554
2015-10-27,2210.0000,2238.0000,2170.0000,2226.0000,815898,151480
2015-10-28,2212.0000,2234.0000,2204.0000,2216.0000,646462,145778
2015-10-29,2220.0000,2266.0000,2216.0000,2238.0000,625720,135748
2015-10-30,2242.0000,2270.0000,2176.0000,2180.0000,772742,163508
2015-11-02,2190.0000,2212.0000,2160.0000,2188.0000,688498,147088
2015-11-03,2184.0000,2216.0000,2152.0000,2164.0000,649186,165688
2015-11-04,2170.0000,2254.0000,2164.0000,2226.0000,777358,139806
2015-11-05,2232.0000,2248.0000,2194.0000,2244.0000,702392,160628
2015-11-06,2250.0000,2300.0000,2222.0000,2290.0000,1060914,169202
2015-11-09,2284.0000,2308.0000,2252.0000,2264.0000,967914,143998
2015-11-10,2268.0000,2290.0000,2248.0000,2286.0000,580280,142252
2015-11-11,2288.0000,2290.0000,2254.0000,2262.0000,513002,130856
2015-11-12,2262.0000,2312.0000,2246.0000,2292.0000,625774,131390
2015-11-13,2280.0000,2330.0000,2274.0000,2278.0000,803656,130478
2015-11-16,2270.0000,2278.0000,2158.0000,2162.0000,856436,141206
2015-11-17,2152.0000,2176.0000,2090.0000,2104.0000,881144,124892
2015-11-18,2088.0000,2116.0000,2064.0000,2078.0000,451838,122206
2015-11-19,2072.0000,2092.0000,2026.0000,2034.0000,380968,113710
2015-11-20,2024.0000,2086.0000,2014.0000,2054.0000,381296,100804
2015-11-23,2048.0000,2086.0000,1920.0000,1922.0000,504858,124194
2015-11-24,1924.0000,1942.0000,1868.0000,1926.0000,629076,110910
2015-11-25,1934.0000,1970.0000,1826.0000,1938.0000,1267428,136876
2015-11-26,1924.0000,2004.0000,1888.0000,1952.0000,1082316,108636
2015-11-27,1952.0000,1970.0000,1872.0000,1894.0000,775592,131928
2015-11-30,1888.0000,1920.0000,1862.0000,1886.0000,754052,137380
2015-12-01,1890.0000,1908.0000,1868.0000,1898.0000,596206,124002
2015-12-02,1886.0000,1940.0000,1884.0000,1906.0000,561460,114754
2015-12-03,1900.0000,1910.0000,1840.0000,1842.0000,634028,161274
2015-12-04,1848.0000,1870.0000,1818.0000,1862.0000,607382,138762
2015-12-07,1870.0000,1914.0000,1826.0000,1838.0000,577568,152658
2015-12-08,1830.0000,1842.0000,1760.0000,1760.0000,633360,180588
2015-12-09,1738.0000,1782.0000,1734.0000,1754.0000,521630,185348
2015-12-10,1746.0000,1774.0000,1692.0000,1710.0000,906898,235376
2015-12-11,1702.0000,1722.0000,1670.0000,1704.0000,740702,239908
2015-12-14,1686.0000,1752.0000,1686.0000,1728.0000,1101886,204364
2015-12-15,1704.0000,1766.0000,1696.0000,1730.0000,871762,200726
2015-12-16,1744.0000,1758.0000,1730.0000,1746.0000,615968,188250
2015-12-17,1742.0000,1772.0000,1738.0000,1752.0000,604694,191788
2015-12-18,1752.0000,1796.0000,1746.0000,1790.0000,611082,190130
2015-12-21,1784.0000,1830.0000,1774.0000,1822.0000,905868,175000
2015-12-22,1812.0000,1866.0000,1806.0000,1860.0000,829200,194492
2015-12-23,1852.0000,1892.0000,1852.0000,1880.0000,886610,200182
2015-12-24,1886.0000,1900.0000,1872.0000,1872.0000,670740,188864
2015-12-25,1870.0000,1878.0000,1838.0000,1844.0000,639896,209520
2015-12-28,1840.0000,1854.0000,1816.0000,1828.0000,478574,202976
2015-12-29,1820.0000,1858.0000,1816.0000,1856.0000,533762,215762
2015-12-30,1858.0000,1894.0000,1856.0000,1870.0000,678680,212488
2015-12-31,1868.0000,1904.0000,1866.0000,1874.0000,591104,210914
2016-01-04,1896.0000,1902.0000,1788.0000,1794.0000,736364,226874
2016-01-05,1792.0000,1812.0000,1770.0000,1804.0000,830050,242006
2016-01-06,1800.0000,1810.0000,1776.0000,1792.0000,664180,256990
2016-01-07,1770.0000,1790.0000,1732.0000,1754.0000,886346,282152
2016-01-08,1756.0000,1800.0000,1754.0000,1786.0000,962014,262824
2016-01-11,1784.0000,1798.0000,1750.0000,1758.0000,625606,256394
2016-01-12,1762.0000,1772.0000,1674.0000,1692.0000,1033442,321514
2016-01-13,1706.0000,1730.0000,1682.0000,1698.0000,1109698,320324
2016-01-14,1702.0000,1718.0000,1684.0000,1712.0000,990384,329120
2016-01-15,1710.0000,1734.0000,1702.0000,1704.0000,951922,336342
2016-01-18,1678.0000,1728.0000,1660.0000,1710.0000,1523010,372512
2016-01-19,1724.0000,1760.0000,1716.0000,1758.0000,1222728,395880
2016-01-20,1764.0000,1768.0000,1706.0000,1716.0000,1166896,418744
2016-01-21,1716.0000,1730.0000,1692.0000,1706.0000,1418802,416078
2016-01-22,1710.0000,1786.0000,1702.0000,1762.0000,1924444,400812
2016-01-25,1774.0000,1778.0000,1744.0000,1748.0000,1156884,424150
2016-01-26,1738.0000,1760.0000,1734.0000,1748.0000,837642,403904
2016-01-27,1758.0000,1776.0000,1748.0000,1766.0000,982598,399732
2016-01-28,1762.0000,1790.0000,1756.0000,1760.0000,1212154,406766
2016-01-29,1768.0000,1772.0000,1712.0000,1716.0000,1638366,529590
2016-02-01,1716.0000,1736.0000,1684.0000,1688.0000,1313122,604826
2016-02-02,1682.0000,1712.0000,1680.0000,1700.0000,953864,586592
2016-02-03,1698.0000,1706.0000,1668.0000,1686.0000,906654,613130
2016-02-04,1688.0000,1718.0000,1672.0000,1702.0000,1186518,541366
2016-02-05,1694.0000,1708.0000,1642.0000,1644.0000,935250,566498
2016-02-15,1624.0000,1668.0000,1624.0000,1636.0000,558050,589044
2016-02-16,1654.0000,1700.0000,1648.0000,1682.0000,1077054,619896
2016-02-17,1676.0000,1690.0000,1654.0000,1664.0000,991100,640822
2016-02-18,1676.0000,1710.0000,1670.0000,1698.0000,1267186,635586
2016-02-19,1700.0000,1724.0000,1694.0000,1720.0000,1245400,610230
2016-02-22,1716.0000,1760.0000,1712.0000,1742.0000,1577230,614956
2016-02-23,1752.0000,1756.0000,1720.0000,1736.0000,1057898,608104
2016-02-24,1740.0000,1744.0000,1682.0000,1692.0000,1302838,651350
2016-02-25,1690.0000,1722.0000,1676.0000,1698.0000,1528670,638180
2016-02-26,1700.0000,1778.0000,1688.0000,1766.0000,2363126,763754
2016-02-29,1772.0000,1788.0000,1748.0000,1758.0000,2577484,761474
2016-03-01,1760.0000,1812.0000,1738.0000,1804.0000,2611042,757758
2016-03-02,1810.0000,1868.0000,1794.0000,1848.0000,2837390,862818
2016-03-03,1842.0000,1882.0000,1832.0000,1838.0000,2804334,925470
2016-03-04,1836.0000,1882.0000,1818.0000,1852.0000,3020168,939450
2016-03-07,1856.0000,1956.0000,1848.0000,1956.0000,5512136,1004646
2016-03-08,1958.0000,2000.0000,1746.0000,1872.0000,6168754,905368
2016-03-09,1888.0000,1890.0000,1794.0000,1840.0000,3795436,867668
2016-03-10,1850.0000,1880.0000,1788.0000,1794.0000,3949502,983394
2016-03-11,1796.0000,1838.0000,1792.0000,1814.0000,2351412,997256
2016-03-14,1810.0000,1864.0000,1806.0000,1820.0000,2377286,987006
2016-03-15,1816.0000,1836.0000,1798.0000,1810.0000,2019092,990198
2016-03-16,1800.0000,1848.0000,1798.0000,1844.0000,2124852,940328
2016-03-17,1838.0000,1892.0000,1838.0000,1884.0000,1622802,940502
2016-03-18,1884.0000,1950.0000,1880.0000,1920.0000,2400594,935534
2016-03-21,1930.0000,1956.0000,1896.0000,1920.0000,2318340,958960
2016-03-22,1928.0000,1954.0000,1910.0000,1920.0000,1804234,1007752
2016-03-23,1916.0000,1950.0000,1880.0000,1882.0000,2061720,1067924
2016-03-24,1886.0000,1890.0000,1806.0000,1806.0000,2995612,1035434
2016-03-25,1796.0000,1828.0000,1786.0000,1820.0000,1719776,1009544
2016-03-28,1826.0000,1850.0000,1792.0000,1794.0000,1368162,1034872
2016-03-29,1792.0000,1816.0000,1772.0000,1782.0000,1566908,1070946
2016-03-30,1774.0000,1814.0000,1770.0000,1804.0000,1330230,1099094
2016-03-31,1814.0000,1840.0000,1766.0000,1784.0000,2000364,1128220
2016-04-01,1800.0000,1814.0000,1786.0000,1806.0000,1519998,1082306
2016-04-05,1754.0000,1756.0000,1704.0000,1732.0000,1547780,1034286
2016-04-06,1724.0000,1756.0000,1724.0000,1746.0000,918290,997630
2016-04-07,1750.0000,1780.0000,1742.0000,1760.0000,935990,1022064
2016-04-08,1748.0000,1792.0000,1744.0000,1792.0000,1300616,982222
2016-04-11,1814.0000,1874.0000,1812.0000,1838.0000,2353728,936604
2016-04-12,1850.0000,1874.0000,1834.0000,1866.0000,1735072,966502
2016-04-13,1872.0000,1974.0000,1858.0000,1910.0000,3402868,973102
2016-04-14,1918.0000,1956.0000,1910.0000,1928.0000,2363158,992446
2016-04-15,1944.0000,1958.0000,1914.0000,1924.0000,1959068,972300
2016-04-18,1904.0000,1930.0000,1876.0000,1914.0000,2547580,902910
2016-04-19,1924.0000,2006.0000,1918.0000,1974.0000,3806624,967424
2016-04-20,1978.0000,2048.0000,1956.0000,2022.0000,4717826,1119516
2016-04-21,2016.0000,2126.0000,1986.0000,2126.0000,4941474,1169878
2016-04-22,2124.0000,2148.0000,1990.0000,2042.0000,5708582,1079534
2016-04-25,2052.0000,2158.0000,2012.0000,2056.0000,5413886,1082988
2016-04-26,2068.0000,2088.0000,2018.0000,2052.0000,3292212,973826
2016-04-27,2070.0000,2124.0000,2026.0000,2080.0000,4385148,1072422
2016-04-28,2086.0000,2098.0000,2008.0000,2038.0000,3665254,1114598
2016-04-29,2056.0000,2072.0000,2032.0000,2048.0000,2219440,1115394
2016-05-03,2014.0000,2026.0000,1958.0000,1982.0000,1591026,1157096
2016-05-04,1964.0000,1982.0000,1950.0000,1958.0000,1399632,1162290
2016-05-05,1974.0000,1984.0000,1948.0000,1966.0000,1380494,1172510
2016-05-06,1992.0000,2000.0000,1902.0000,1916.0000,2024398,1148850
2016-05-09,1912.0000,1940.0000,1864.0000,1882.0000,1804868,1111066
2016-05-10,1862.0000,1896.0000,1846.0000,1890.0000,1494026,1019606
2016-05-11,1894.0000,1944.0000,1890.0000,1934.0000,1729538,1038866
2016-05-12,1934.0000,1980.0000,1914.0000,1960.0000,1686686,1061750
2016-05-13,1968.0000,1990.0000,1910.0000,1924.0000,2171220,982686
2016-05-16,1932.0000,1986.0000,1904.0000,1978.0000,1712392,990554
2016-05-17,1986.0000,2020.0000,1980.0000,2000.0000,1757166,1058000
2016-05-18,1988.0000,2022.0000,1960.0000,1976.0000,1853352,1010612
2016-05-19,1974.0000,2008.0000,1924.0000,1926.0000,1924092,936680
2016-05-20,1914.0000,1956.0000,1888.0000,1938.0000,1539218,918744
2016-05-23,1932.0000,1946.0000,1814.0000,1854.0000,1843458,822610
2016-05-24,1844.0000,1874.0000,1822.0000,1828.0000,1460088,826880
2016-05-25,1850.0000,1874.0000,1838.0000,1868.0000,1243774,813344
2016-05-26,1868.0000,1894.0000,1858.0000,1882.0000,1312884,823820
2016-05-27,1892.0000,1894.0000,1832.0000,1838.0000,1495542,901148
2016-05-30,1828.0000,1868.0000,1824.0000,1856.0000,1090696,886360
2016-05-31,1860.0000,1890.0000,1852.0000,1860.0000,1122970,864708
2016-06-01,1864.0000,1874.0000,1816.0000,1830.0000,1386262,948102
2016-06-02,1832.0000,1868.0000,1822.0000,1856.0000,874814,899532
2016-06-03,1852.0000,1884.0000,1842.0000,1878.0000,799120,878636
2016-06-06,1882.0000,1918.0000,1862.0000,1918.0000,1000632,835668
2016-06-07,1928.0000,1930.0000,1900.0000,1926.0000,927534,830638
2016-06-08,1934.0000,1936.0000,1906.0000,1918.0000,686750,809574
2016-06-13,1882.0000,1936.0000,1876.0000,1926.0000,583810,818970
2016-06-14,1922.0000,1968.0000,1920.0000,1944.0000,1122932,824728
2016-06-15,1944.0000,1962.0000,1906.0000,1934.0000,931462,819178
2016-06-16,1948.0000,1952.0000,1928.0000,1936.0000,795064,781760
2016-06-17,1928.0000,1940.0000,1896.0000,1938.0000,961974,790812
2016-06-20,1946.0000,2006.0000,1936.0000,2002.0000,1217136,841400
2016-06-21,2012.0000,2020.0000,1980.0000,1988.0000,930758,802554
2016-06-22,1976.0000,2040.0000,1968.0000,2040.0000,1079764,892180
2016-06-23,2034.0000,2052.0000,2020.0000,2030.0000,1100788,901788
2016-06-24,2044.0000,2060.0000,1982.0000,1986.0000,1543628,814120
2016-06-27,1990.0000,2046.0000,1986.0000,2044.0000,1022718,852124
2016-06-28,2022.0000,2052.0000,1998.0000,2038.0000,1248082,910204
2016-06-29,2052.0000,2088.0000,2040.0000,2076.0000,1858404,957734
2016-06-30,2082.0000,2140.0000,2068.0000,2108.0000,1664668,935582
2016-07-01,2090.0000,2114.0000,2062.0000,2066.0000,1236766,893084
2016-07-04,2064.0000,2186.0000,2064.0000,2168.0000,2162356,965058
2016-07-05,2172.0000,2184.0000,2030.0000,2064.0000,2030716,918388
2016-07-06,2050.0000,2076.0000,1976.0000,1980.0000,1824686,891502
2016-07-07,1968.0000,2018.0000,1968.0000,1982.0000,1099452,856510
2016-07-08,1990.0000,2006.0000,1930.0000,1958.0000,1239146,837896
2016-07-11,1966.0000,1994.0000,1948.0000,1990.0000,929890,851156
2016-07-12,2002.0000,2052.0000,1986.0000,2052.0000,1054890,849130
2016-07-13,2066.0000,2092.0000,2028.0000,2048.0000,1306932,851322
2016-07-14,2054.0000,2122.0000,2024.0000,2104.0000,1760614,953876
2016-07-15,2112.0000,2116.0000,2070.0000,2098.0000,1108798,963564
2016-07-18,2114.0000,2114.0000,2008.0000,2012.0000,1212810,924304
2016-07-19,1996.0000,2032.0000,1982.0000,2008.0000,843812,922936
2016-07-20,2014.0000,2024.0000,1988.0000,2020.0000,790872,914386
2016-07-21,2014.0000,2070.0000,1998.0000,2066.0000,1097322,915832
2016-07-22,2066.0000,2068.0000,2004.0000,2008.0000,917270,892510
2016-07-25,2012.0000,2024.0000,1966.0000,2018.0000,944496,878866
2016-07-26,2020.0000,2034.0000,1990.0000,2012.0000,1130644,932806
2016-07-27,2012.0000,2048.0000,1986.0000,1994.0000,1442630,908578
2016-07-28,1990.0000,2016.0000,1978.0000,1988.0000,1135940,912510
2016-07-29,1992.0000,2000.0000,1896.0000,1908.0000,1517400,928794
2016-08-01,1900.0000,1946.0000,1900.0000,1942.0000,938622,925332
2016-08-02,1930.0000,1938.0000,1902.0000,1932.0000,923088,952014
2016-08-03,1936.0000,1964.0000,1922.0000,1932.0000,922856,962786
2016-08-04,1940.0000,1958.0000,1922.0000,1932.0000,1111524,990428
2016-08-05,1932.0000,1950.0000,1918.0000,1926.0000,931412,1002218
2016-08-08,1934.0000,1970.0000,1902.0000,1962.0000,1300322,999746
2016-08-09,1970.0000,1976.0000,1938.0000,1962.0000,906886,1008820
2016-08-10,1964.0000,1980.0000,1950.0000,1962.0000,912504,1022130
2016-08-11,1968.0000,1976.0000,1940.0000,1948.0000,985008,1106236
2016-08-12,1948.0000,1990.0000,1946.0000,1990.0000,971568,1056866
2016-08-15,1984.0000,2012.0000,1972.0000,2000.0000,1021202,1091314
2016-08-16,2000.0000,2014.0000,1984.0000,1986.0000,976196,1144058
2016-08-17,1988.0000,2006.0000,1980.0000,1986.0000,880026,1182650
2016-08-18,1992.0000,1998.0000,1952.0000,1962.0000,1135042,1199408
2016-08-19,1968.0000,1976.0000,1926.0000,1940.0000,1306852,1285036
2016-08-22,1936.0000,1950.0000,1882.0000,1882.0000,1255178,1297646
2016-08-23,1882.0000,1898.0000,1870.0000,1878.0000,905482,1325818
2016-08-24,1880.0000,1904.0000,1876.0000,1886.0000,720644,1320694
2016-08-25,1886.0000,1896.0000,1826.0000,1848.0000,1317068,1321704
2016-08-26,1850.0000,1880.0000,1844.0000,1862.0000,831462,1273402
2016-08-29,1866.0000,1890.0000,1856.0000,1872.0000,868670,1266068
2016-08-30,1872.0000,1878.0000,1848.0000,1854.0000,717190,1302276
2016-08-31,1856.0000,1864.0000,1822.0000,1850.0000,1038800,1300774
2016-09-01,1848.0000,1878.0000,1842.0000,1874.0000,784580,1254078
2016-09-02,1870.0000,1886.0000,1858.0000,1868.0000,778878,1245202
2016-09-05,1874.0000,1892.0000,1864.0000,1882.0000,831994,1246302
2016-09-06,1886.0000,1918.0000,1876.0000,1912.0000,832244,1214632
2016-09-07,1902.0000,1916.0000,1898.0000,1906.0000,704692,1199466
2016-09-08,1906.0000,1926.0000,1882.0000,1906.0000,881222,1197298
2016-09-09,1904.0000,1916.0000,1898.0000,1902.0000,604718,1192272
2016-09-12,1898.0000,1902.0000,1820.0000,1830.0000,1348842,1263076
2016-09-13,1830.0000,1844.0000,1818.0000,1832.0000,779352,1271256
2016-09-14,1828.0000,1842.0000,1816.0000,1826.0000,730992,1276580
2016-09-19,1820.0000,1854.0000,1820.0000,1848.0000,428656,1246676
2016-09-20,1850.0000,1862.0000,1842.0000,1850.0000,619870,1253174
2016-09-21,1848.0000,1868.0000,1836.0000,1842.0000,770842,1268044
2016-09-22,1838.0000,1872.0000,1830.0000,1834.0000,1106562,1334366
2016-09-23,1840.0000,1850.0000,1808.0000,1842.0000,1116808,1375174
2016-09-26,1844.0000,1852.0000,1824.0000,1834.0000,734420,1362582
2016-09-27,1836.0000,1844.0000,1808.0000,1820.0000,892954,1428012
2016-09-28,1814.0000,1814.0000,1714.0000,1732.0000,2239442,1396040
2016-09-29,1732.0000,1768.0000,1716.0000,1750.0000,1451786,1302376
2016-09-30,1756.0000,1768.0000,1736.0000,1750.0000,703052,1225220
2016-10-10,1770.0000,1774.0000,1744.0000,1748.0000,566070,1244376
2016-10-11,1760.0000,1816.0000,1760.0000,1792.0000,1430714,1253114
2016-10-12,1786.0000,1794.0000,1748.0000,1758.0000,878254,1343736
2016-10-13,1760.0000,1770.0000,1738.0000,1754.0000,988342,1326284
2016-10-14,1754.0000,1766.0000,1728.0000,1744.0000,1116556,1408282
2016-10-17,1748.0000,1814.0000,1744.0000,1806.0000,1586336,1302550
2016-10-18,1808.0000,1816.0000,1784.0000,1800.0000,870080,1282046
2016-10-19,1802.0000,1822.0000,1790.0000,1806.0000,1311988,1250088
2016-10-20,1808.0000,1888.0000,1808.0000,1872.0000,2217052,1177090
2016-10-21,1868.0000,1870.0000,1840.0000,1866.0000,1019150,1156198
2016-10-24,1868.0000,1882.0000,1854.0000,1876.0000,889940,1159544
2016-10-25,1872.0000,1898.0000,1840.0000,1848.0000,1649860,1197630
2016-10-26,1848.0000,1858.0000,1784.0000,1812.0000,1965606,1223152
2016-10-27,1810.0000,1842.0000,1804.0000,1830.0000,1225056,1167570
2016-10-28,1830.0000,1880.0000,1830.0000,1878.0000,1408066,1112892
2016-10-31,1876.0000,1886.0000,1840.0000,1882.0000,1542516,1112034
2016-11-01,1878.0000,1930.0000,1850.0000,1912.0000,1640060,1119022
2016-11-02,1918.0000,1978.0000,1898.0000,1906.0000,2130284,1125180
2016-11-03,1906.0000,1916.0000,1882.0000,1902.0000,1075790,1123194
2016-11-04,1904.0000,1918.0000,1842.0000,1846.0000,1617306,1118374
2016-11-07,1834.0000,1894.0000,1834.0000,1870.0000,1239088,1124488
2016-11-08,1868.0000,1934.0000,1868.0000,1918.0000,1655946,1119876
2016-11-09,1918.0000,1964.0000,1908.0000,1940.0000,2035538,1124278
2016-11-10,1954.0000,2066.0000,1954.0000,2052.0000,2750170,1179188
2016-11-11,2050.0000,2134.0000,2024.0000,2116.0000,2553394,1260118
2016-11-14,2112.0000,2162.0000,1974.0000,1974.0000,2580726,1091472
2016-11-15,1978.0000,2024.0000,1954.0000,2016.0000,1455574,1122704
2016-11-16,2028.0000,2088.0000,2026.0000,2088.0000,1528816,1164604
2016-11-17,2080.0000,2112.0000,2046.0000,2098.0000,1285694,1127508
2016-11-18,2114.0000,2122.0000,2072.0000,2094.0000,1129574,1114800
2016-11-21,2106.0000,2188.0000,2080.0000,2178.0000,1498888,1102704
2016-11-22,2190.0000,2270.0000,2174.0000,2262.0000,1679900,1096176
2016-11-23,2238.0000,2340.0000,2206.0000,2296.0000,1890936,1109274
2016-11-24,2292.0000,2312.0000,2238.0000,2258.0000,1655812,1098656
2016-11-25,2266.0000,2308.0000,2200.0000,2236.0000,1551090,1074554
2016-11-28,2242.0000,2312.0000,2210.0000,2298.0000,1581102,1135590
2016-11-29,2308.0000,2334.0000,2244.0000,2266.0000,1477808,1075190
2016-11-30,2244.0000,2264.0000,2146.0000,2196.0000,1754800,953382
2016-12-01,2246.0000,2350.0000,2246.0000,2314.0000,2171612,936772
2016-12-02,2328.0000,2342.0000,2266.0000,2308.0000,1295362,896210
2016-12-05,2298.0000,2408.0000,2290.0000,2392.0000,1436208,914572
2016-12-06,2402.0000,2428.0000,2366.0000,2386.0000,1100026,925154
2016-12-07,2384.0000,2458.0000,2372.0000,2422.0000,1354278,912954
2016-12-08,2422.0000,2446.0000,2356.0000,2374.0000,932200,868396
2016-12-09,2384.0000,2488.0000,2372.0000,2450.0000,1668698,904674
2016-12-12,2454.0000,2560.0000,2434.0000,2530.0000,1198956,892366
2016-12-13,2530.0000,2542.0000,2478.0000,2524.0000,828918,897466
2016-12-14,2538.0000,2552.0000,2474.0000,2506.0000,929828,915718
2016-12-15,2504.0000,2506.0000,2456.0000,2498.0000,932846,924448
2016-12-16,2498.0000,2546.0000,2476.0000,2480.0000,971158,880376
2016-12-19,2486.0000,2610.0000,2480.0000,2572.0000,1412878,826448
2016-12-20,2576.0000,2628.0000,2532.0000,2584.0000,2018070,801970
2016-12-21,2598.0000,2624.0000,2564.0000,2590.0000,1387134,816722
2016-12-22,2590.0000,2590.0000,2510.0000,2510.0000,1289246,807180
2016-12-23,2500.0000,2536.0000,2458.0000,2500.0000,1353862,755534
2016-12-26,2490.0000,2514.0000,2418.0000,2468.0000,1332104,718312
2016-12-27,2468.0000,2638.0000,2448.0000,2638.0000,1565724,775456
2016-12-28,2652.0000,2698.0000,2634.0000,2698.0000,1135260,818174
2016-12-29,2720.0000,2776.0000,2674.0000,2752.0000,1975298,832474
2016-12-30,2752.0000,2756.0000,2696.0000,2738.0000,1314450,787326
2017-01-03,2744.0000,2808.0000,2644.0000,2650.0000,1190982,716172
2017-01-04,2672.0000,2690.0000,2622.0000,2656.0000,1281070,715970
2017-01-05,2654.0000,2688.0000,2634.0000,2648.0000,1120300,746036
2017-01-06,2658.0000,2736.0000,2650.0000,2678.0000,1564794,758490
2017-01-09,2688.0000,2726.0000,2664.0000,2712.0000,1475352,766368
2017-01-10,2694.0000,2698.0000,2618.0000,2668.0000,1464084,781042
2017-01-11,2666.0000,2752.0000,2654.0000,2676.0000,1752804,793020
2017-01-12,2678.0000,2734.0000,2664.0000,2704.0000,1232442,784698
2017-01-13,2720.0000,2768.0000,2714.0000,2746.0000,1347052,822594
2017-01-16,2736.0000,2788.0000,2720.0000,2748.0000,1091690,778518
2017-01-17,2748.0000,2776.0000,2672.0000,2676.0000,1137272,736636
2017-01-18,2704.0000,2720.0000,2666.0000,2684.0000,870456,711920
2017-01-19,2662.0000,2664.0000,2628.0000,2656.0000,862490,740854
2017-01-20,2656.0000,2692.0000,2576.0000,2578.0000,980812,718718
2017-01-23,2588.0000,2636.0000,2588.0000,2600.0000,685538,686050
2017-01-24,2592.0000,2660.0000,2582.0000,2644.0000,651552,618598
2017-01-25,2642.0000,2658.0000,2606.0000,2652.0000,497232,588124
2017-01-26,2646.0000,2706.0000,2634.0000,2704.0000,453330,551632
2017-02-03,2720.0000,2744.0000,2680.0000,2730.0000,496370,586922
2017-02-06,2730.0000,2758.0000,2712.0000,2752.0000,579358,623980
2017-02-07,2748.0000,2750.0000,2700.0000,2728.0000,511478,628156
2017-02-08,2714.0000,2770.0000,2694.0000,2768.0000,998192,722454
2017-02-09,2770.0000,2780.0000,2730.0000,2744.0000,731950,670608
2017-02-10,2746.0000,2832.0000,2738.0000,2818.0000,924110,724364
2017-02-13,2838.0000,2974.0000,2828.0000,2946.0000,1325914,832780
2017-02-14,2950.0000,2966.0000,2912.0000,2944.0000,653046,821820
2017-02-15,2948.0000,2984.0000,2826.0000,2836.0000,1235182,736316
2017-02-16,2826.0000,2878.0000,2784.0000,2816.0000,903044,702490
2017-02-17,2818.0000,2854.0000,2788.0000,2814.0000,769052,697726
2017-02-20,2806.0000,2900.0000,2774.0000,2894.0000,1045444,748566
2017-02-21,2902.0000,2912.0000,2832.0000,2854.0000,811852,723182
2017-02-22,2872.0000,2922.0000,2862.0000,2910.0000,1413680,790076
2017-02-23,2890.0000,2906.0000,2792.0000,2816.0000,1321002,717152
2017-02-24,2830.0000,2890.0000,2784.0000,2890.0000,1022548,706940
2017-02-27,2886.0000,2958.0000,2882.0000,2940.0000,1076270,736942
2017-02-28,2940.0000,2954.0000,2882.0000,2898.0000,819900,702160
2017-03-01,2896.0000,2966.0000,2876.0000,2950.0000,1297310,761150
2017-03-02,2960.0000,2966.0000,2890.0000,2900.0000,960856,725374
2017-03-03,2888.0000,2890.0000,2840.0000,2876.0000,939912,699376
2017-03-06,2884.0000,2904.0000,2834.0000,2854.0000,923778,727782
2017-03-07,2856.0000,2884.0000,2852.0000,2866.0000,694216,719916
2017-03-08,2872.0000,2928.0000,2790.0000,2802.0000,1775396,756382
2017-03-09,2802.0000,2810.0000,2672.0000,2692.0000,1500758,719280
2017-03-10,2662.0000,2708.0000,2644.0000,2664.0000,1071994,731806
2017-03-13,2694.0000,2730.0000,2614.0000,2728.0000,1180538,702480
2017-03-14,2720.0000,2724.0000,2634.0000,2642.0000,1009610,747912
2017-03-15,2610.0000,2704.0000,2602.0000,2692.0000,1122658,704704
2017-03-16,2698.0000,2732.0000,2680.0000,2708.0000,912138,681282
2017-03-17,2712.0000,2718.0000,2654.0000,2702.0000,881310,657900
2017-03-20,2710.0000,2754.0000,2670.0000,2706.0000,946388,664262
2017-03-21,2694.0000,2734.0000,2682.0000,2732.0000,939286,678132
2017-03-22,2730.0000,2730.0000,2592.0000,2602.0000,1242912,740408
2017-03-23,2592.0000,2640.0000,2566.0000,2594.0000,1086866,725238
2017-03-24,2584.0000,2618.0000,2576.0000,2596.0000,746038,717754
2017-03-27,2596.0000,2608.0000,2514.0000,2540.0000,979004,739218
2017-03-28,2538.0000,2612.0000,2532.0000,2604.0000,941458,720248
2017-03-29,2618.0000,2636.0000,2596.0000,2632.0000,662334,679860
2017-03-30,2618.0000,2658.0000,2602.0000,2634.0000,800672,696730
2017-03-31,2644.0000,2666.0000,2620.0000,2638.0000,714772,637804
2017-04-05,2670.0000,2828.0000,2670.0000,2802.0000,970846,666560
2017-04-06,2818.0000,2820.0000,2772.0000,2806.0000,765138,653060
2017-04-07,2814.0000,2860.0000,2750.0000,2770.0000,1475196,653306
2017-04-10,2758.0000,2802.0000,2730.0000,2764.0000,998338,659402
2017-04-11,2770.0000,2784.0000,2580.0000,2588.0000,1667068,722090
2017-04-12,2596.0000,2620.0000,2560.0000,2586.0000,920812,692308
2017-04-13,2586.0000,2612.0000,2558.0000,2588.0000,850058,689174
2017-04-14,2588.0000,2610.0000,2464.0000,2492.0000,1481272,737906
2017-04-17,2506.0000,2568.0000,2490.0000,2532.0000,1009910,719824
2017-04-18,2550.0000,2550.0000,2492.0000,2506.0000,702146,725966
2017-04-19,2502.0000,2552.0000,2436.0000,2546.0000,1239334,728828
2017-04-20,2548.0000,2568.0000,2460.0000,2538.0000,1109958,693700
2017-04-21,2528.0000,2556.0000,2496.0000,2518.0000,1041862,711474
2017-04-24,2526.0000,2528.0000,2474.0000,2514.0000,885728,705478
2017-04-25,2508.0000,2556.0000,2504.0000,2546.0000,765550,687286
2017-04-26,2538.0000,2550.0000,2486.0000,2520.0000,1154544,727552
2017-04-27,2516.0000,2568.0000,2502.0000,2566.0000,963422,695770
2017-04-28,2546.0000,2628.0000,2544.0000,2616.0000,1040134,650904
2017-05-02,2616.0000,2628.0000,2590.0000,2618.0000,429450,659720
2017-05-03,2624.0000,2628.0000,2598.0000,2618.0000,554388,660372
2017-05-04,2610.0000,2610.0000,2470.0000,2522.0000,1143024,592024
2017-05-05,2510.0000,2522.0000,2410.0000,2414.0000,1164976,652818
2017-05-08,2428.0000,2480.0000,2426.0000,2450.0000,707304,621282
2017-05-09,2438.0000,2470.0000,2426.0000,2462.0000,548146,636248
2017-05-10,2454.0000,2480.0000,2436.0000,2450.0000,774600,634582
2017-05-11,2462.0000,2498.0000,2442.0000,2480.0000,1035970,639842
2017-05-12,2482.0000,2492.0000,2408.0000,2452.0000,975870,645644
2017-05-15,2454.0000,2516.0000,2444.0000,2510.0000,739166,618562
2017-05-16,2534.0000,2550.0000,2504.0000,2548.0000,680308,613126
2017-05-17,2548.0000,2560.0000,2524.0000,2540.0000,619744,582214
2017-05-18,2548.0000,2564.0000,2500.0000,2546.0000,870478,601196
2017-05-19,2530.0000,2600.0000,2518.0000,2592.0000,924514,608030
2017-05-22,2598.0000,2620.0000,2580.0000,2596.0000,722210,624832
2017-05-23,2600.0000,2620.0000,2512.0000,2516.0000,1057780,623430
2017-05-24,2516.0000,2534.0000,2478.0000,2516.0000,713726,620772
2017-05-25,2504.0000,2588.0000,2504.0000,2568.0000,764906,617156
2017-05-26,2548.0000,2558.0000,2444.0000,2474.0000,869744,583868
2017-05-31,2474.0000,2486.0000,2322.0000,2342.0000,773386,648092
2017-06-01,2332.0000,2372.0000,2320.0000,2356.0000,512252,638510
2017-06-02,2350.0000,2358.0000,2310.0000,2316.0000,617172,672186
2017-06-05,2310.0000,2364.0000,2296.0000,2348.0000,578106,640138
2017-06-06,2330.0000,2384.0000,2318.0000,2374.0000,658292,633640
2017-06-07,2370.0000,2384.0000,2352.0000,2366.0000,489026,632804
2017-06-08,2358.0000,2368.0000,2322.0000,2352.0000,751226,628060
2017-06-09,2344.0000,2366.0000,2328.0000,2334.0000,484490,639494
2017-06-12,2336.0000,2364.0000,2316.0000,2344.0000,698138,666224
2017-06-13,2352.0000,2370.0000,2308.0000,2320.0000,796180,706376
2017-06-14,2314.0000,2332.0000,2264.0000,2330.0000,1243556,713146
2017-06-15,2330.0000,2344.0000,2288.0000,2296.0000,886808,727458
2017-06-16,2294.0000,2326.0000,2280.0000,2310.0000,680796,711136
2017-06-19,2318.0000,2326.0000,2266.0000,2308.0000,918734,728188
2017-06-20,2312.0000,2336.0000,2302.0000,2324.0000,824616,749114
2017-06-21,2296.0000,2318.0000,2254.0000,2272.0000,1102140,837690
2017-06-22,2280.0000,2290.0000,2244.0000,2256.0000,899580,833814
2017-06-23,2264.0000,2280.0000,2254.0000,2270.0000,516058,809924
2017-06-26,2270.0000,2294.0000,2252.0000,2286.0000,593324,783774
2017-06-27,2284.0000,2300.0000,2266.0000,2300.0000,573134,784558
2017-06-28,2304.0000,2330.0000,2296.0000,2310.0000,713648,758422
2017-06-29,2316.0000,2366.0000,2306.0000,2350.0000,1148084,763014
2017-06-30,2356.0000,2370.0000,2338.0000,2360.0000,581336,755074
2017-07-03,2360.0000,2392.0000,2358.0000,2374.0000,763960,763556
2017-07-04,2376.0000,2398.0000,2314.0000,2338.0000,829374,762190
2017-07-05,2338.0000,2388.0000,2338.0000,2380.0000,673648,761808
2017-07-06,2366.0000,2388.0000,2340.0000,2386.0000,783220,776970
2017-07-07,2390.0000,2422.0000,2374.0000,2388.0000,1009382,807450
2017-07-10,2386.0000,2412.0000,2358.0000,2390.0000,803132,802850
2017-07-11,2384.0000,2482.0000,2384.0000,2462.0000,1125220,858296
2017-07-12,2458.0000,2506.0000,2452.0000,2466.0000,941186,831286
2017-07-13,2466.0000,2494.0000,2446.0000,2490.0000,800298,848310
2017-07-14,2498.0000,2548.0000,2464.0000,2530.0000,1359550,879590
2017-07-17,2536.0000,2602.0000,2528.0000,2592.0000,1064094,847834
2017-07-18,2590.0000,2614.0000,2574.0000,2582.0000,709614,827952
2017-07-19,2594.0000,2624.0000,2594.0000,2614.0000,682698,851432
2017-07-20,2618.0000,2634.0000,2594.0000,2596.0000,973670,834578
2017-07-21,2604.0000,2610.0000,2550.0000,2576.0000,979400,803648
2017-07-24,2564.0000,2594.0000,2546.0000,2586.0000,693458,823260
2017-07-25,2594.0000,2678.0000,2588.0000,2672.0000,1183120,882724
2017-07-26,2682.0000,2694.0000,2642.0000,2654.0000,1105378,845636
2017-07-27,2660.0000,2700.0000,2646.0000,2680.0000,840390,866300
2017-07-28,2674.0000,2692.0000,2606.0000,2634.0000,1132712,821918
2017-07-31,2636.0000,2714.0000,2636.0000,2710.0000,913982,801448
2017-08-01,2700.0000,2726.0000,2686.0000,2700.0000,709816,796582
2017-08-02,2686.0000,2698.0000,2644.0000,2674.0000,768206,780934
2017-08-03,2676.0000,2686.0000,2632.0000,2632.0000,739544,776576
2017-08-04,2648.0000,2698.0000,2628.0000,2640.0000,956374,779470
2017-08-07,2646.0000,2680.0000,2584.0000,2614.0000,1147660,744422
2017-08-08,2614.0000,2650.0000,2598.0000,2650.0000,729312,744914
2017-08-09,2648.0000,2708.0000,2646.0000,2696.0000,1013620,745682
2017-08-10,2704.0000,2738.0000,2676.0000,2706.0000,850690,704354
2017-08-11,2720.0000,2728.0000,2566.0000,2572.0000,1325668,660508
2017-08-14,2576.0000,2604.0000,2574.0000,2582.0000,553944,662952
2017-08-15,2578.0000,2626.0000,2576.0000,2604.0000,872868,669642
2017-08-16,2598.0000,2624.0000,2584.0000,2618.0000,511684,683406
2017-08-17,2620.0000,2688.0000,2614.0000,2674.0000,967042,720368
2017-08-18,2664.0000,2710.0000,2658.0000,2706.0000,733452,751424
2017-08-21,2712.0000,2726.0000,2682.0000,2706.0000,789998,753630
2017-08-22,2706.0000,2720.0000,2658.0000,2714.0000,694470,768926
2017-08-23,2708.0000,2760.0000,2666.0000,2684.0000,1405550,805840
2017-08-24,2684.0000,2740.0000,2674.0000,2736.0000,864616,824812
2017-08-25,2736.0000,2792.0000,2712.0000,2752.0000,1121744,833244
2017-08-28,2752.0000,2776.0000,2714.0000,2738.0000,832706,814758
2017-08-29,2740.0000,2758.0000,2684.0000,2716.0000,966702,814354
2017-08-30,2714.0000,2728.0000,2692.0000,2708.0000,640808,813316
2017-08-31,2706.0000,2706.0000,2624.0000,2672.0000,763040,822180
2017-09-01,2684.0000,2720.0000,2672.0000,2704.0000,777844,825514
2017-09-04,2712.0000,2746.0000,2594.0000,2616.0000,1519546,828916
2017-09-05,2620.0000,2638.0000,2584.0000,2606.0000,928062,863824
2017-09-06,2620.0000,2638.0000,2598.0000,2610.0000,911916,878534
2017-09-07,2622.0000,2640.0000,2516.0000,2530.0000,1584622,863276
2017-09-08,2532.0000,2542.0000,2460.0000,2472.0000,1070386,839954
2017-09-11,2466.0000,2498.0000,2454.0000,2494.0000,739174,795706
2017-09-12,2496.0000,2514.0000,2478.0000,2504.0000,570272,779294
2017-09-13,2508.0000,2522.0000,2468.0000,2478.0000,697194,776912
2017-09-14,2484.0000,2516.0000,2466.0000,2480.0000,768344,768466
2017-09-15,2490.0000,2510.0000,2442.0000,2502.0000,1226772,762884
2017-09-18,2508.0000,2538.0000,2484.0000,2516.0000,978236,733686
2017-09-19,2510.0000,2522.0000,2466.0000,2478.0000,811292,757476
2017-09-20,2480.0000,2498.0000,2472.0000,2486.0000,547740,740630
2017-09-21,2490.0000,2506.0000,2422.0000,2452.0000,965500,727686
2017-09-22,2444.0000,2502.0000,2440.0000,2500.0000,698608,696862
2017-09-25,2502.0000,2518.0000,2488.0000,2498.0000,664714,688558
2017-09-26,2512.0000,2528.0000,2490.0000,2516.0000,607500,667870
2017-09-27,2512.0000,2534.0000,2498.0000,2524.0000,534028,651092
2017-09-28,2522.0000,2528.0000,2426.0000,2448.0000,874130,615156
2017-09-29,2456.0000,2486.0000,2438.0000,2444.0000,547470,586656
2017-10-09,2436.0000,2458.0000,2338.0000,2372.0000,680360,632466
2017-10-10,2384.0000,2404.0000,2376.0000,2394.0000,475594,638030
2017-10-11,2410.0000,2432.0000,2394.0000,2418.0000,515732,629926
2017-10-12,2416.0000,2442.0000,2386.0000,2438.0000,496096,609276
2017-10-13,2422.0000,2452.0000,2402.0000,2444.0000,575556,614190
2017-10-16,2448.0000,2464.0000,2394.0000,2424.0000,713720,635830
2017-10-17,2428.0000,2446.0000,2388.0000,2436.0000,809946,608498
2017-10-18,2438.0000,2450.0000,2410.0000,2432.0000,528168,602516
2017-10-19,2438.0000,2440.0000,2384.0000,2396.0000,651368,622248
2017-10-20,2386.0000,2432.0000,2376.0000,2422.0000,542624,594554
2017-10-23,2420.0000,2454.0000,2402.0000,2438.0000,613662,574888
2017-10-24,2436.0000,2456.0000,2430.0000,2440.0000,378758,564272
2017-10-25,2446.0000,2526.0000,2444.0000,2516.0000,856686,516484
2017-10-26,2520.0000,2520.0000,2502.0000,2516.0000,374712,518604
2017-10-27,2516.0000,2536.0000,2496.0000,2512.0000,500332,491458
2017-10-30,2510.0000,2576.0000,2488.0000,2562.0000,727126,531880
2017-10-31,2568.0000,2576.0000,2536.0000,2540.0000,514306,533462
2017-11-01,2540.0000,2558.0000,2506.0000,2524.0000,540118,536870
2017-11-02,2522.0000,2550.0000,2514.0000,2532.0000,409456,520958
2017-11-03,2532.0000,2570.0000,2530.0000,2568.0000,405860,521380
2017-11-06,2562.0000,2600.0000,2550.0000,2592.0000,521172,531620
2017-11-07,2594.0000,2624.0000,2582.0000,2620.0000,488908,542580
2017-11-08,2620.0000,2624.0000,2602.0000,2620.0000,298542,519590
2017-11-09,2622.0000,2646.0000,2610.0000,2620.0000,334892,518528
2017-11-10,2618.0000,2634.0000,2610.0000,2622.0000,288814,512478
2017-11-13,2626.0000,2664.0000,2622.0000,2660.0000,345298,521332
2017-11-14,2666.0000,2666.0000,2644.0000,2648.0000,237610,502540
2017-11-15,2644.0000,2660.0000,2530.0000,2534.0000,782018,443432
2017-11-16,2536.0000,2556.0000,2534.0000,2542.0000,224918,428426
2017-11-17,2534.0000,2556.0000,2530.0000,2548.0000,213834,422598
2017-11-20,2558.0000,2618.0000,2530.0000,2614.0000,448530,409088
2017-11-21,2630.0000,2634.0000,2602.0000,2628.0000,389690,389484
2017-11-22,2624.0000,2678.0000,2624.0000,2672.0000,345588,394812
2017-11-23,2680.0000,2698.0000,2668.0000,2688.0000,379508,404028
2017-11-24,2690.0000,2718.0000,2682.0000,2706.0000,243572,407994
2017-11-27,2714.0000,2720.0000,2652.0000,2656.0000,415408,417900
2017-11-28,2654.0000,2678.0000,2642.0000,2672.0000,254034,408328
2017-11-29,2674.0000,2688.0000,2656.0000,2662.0000,293332,405966
2017-11-30,2662.0000,2708.0000,2636.0000,2708.0000,438236,395568
2017-12-01,2714.0000,2752.0000,2702.0000,2742.0000,385048,412922
2017-12-04,2752.0000,2788.0000,2730.0000,2748.0000,433576,433716
2017-12-05,2748.0000,2792.0000,2728.0000,2742.0000,543488,439638
2017-12-06,2738.0000,2796.0000,2732.0000,2752.0000,621740,464926
2017-12-07,2742.0000,2742.0000,2598.0000,2600.0000,760860,384646
2017-12-08,2602.0000,2644.0000,2602.0000,2624.0000,394400,369040
2017-12-11,2642.0000,2662.0000,2582.0000,2620.0000,481590,354180
2017-12-12,2622.0000,2644.0000,2564.0000,2592.0000,418638,382628
2017-12-13,2598.0000,2626.0000,2564.0000,2608.0000,395152,357994
2017-12-14,2608.0000,2634.0000,2586.0000,2602.0000,382280,345526
2017-12-15,2604.0000,2614.0000,2582.0000,2608.0000,290342,362900
2017-12-18,2622.0000,2662.0000,2614.0000,2648.0000,374140,338200
2017-12-19,2646.0000,2652.0000,2624.0000,2636.0000,232080,331140
2017-12-20,2642.0000,2670.0000,2632.0000,2644.0000,332412,326492
2017-12-21,2644.0000,2652.0000,2570.0000,2590.0000,472612,369576
2017-12-22,2588.0000,2606.0000,2580.0000,2590.0000,264284,375928
2017-12-25,2590.0000,2602.0000,2572.0000,2598.0000,299572,377892
2017-12-26,2596.0000,2614.0000,2584.0000,2606.0000,271412,376790
2017-12-27,2602.0000,2634.0000,2588.0000,2632.0000,454676,380558
2017-12-28,2628.0000,2642.0000,2610.0000,2628.0000,231886,371802
2017-12-29,2628.0000,2636.0000,2612.0000,2626.0000,230888,369966
2018-01-02,2630.0000,2690.0000,2622.0000,2686.0000,444806,414860
2018-01-03,2682.0000,2688.0000,2664.0000,2666.0000,238682,421210
2018-01-04,2670.0000,2706.0000,2652.0000,2700.0000,375092,435666
2018-01-05,2698.0000,2716.0000,2664.0000,2702.0000,462880,455410
2018-01-08,2694.0000,2716.0000,2680.0000,2694.0000,338896,466506
2018-01-09,2694.0000,2732.0000,2692.0000,2716.0000,330956,475636
2018-01-10,2722.0000,2764.0000,2704.0000,2760.0000,480256,495524
2018-01-11,2772.0000,2772.0000,2744.0000,2754.0000,216948,487378
2018-01-12,2762.0000,2770.0000,2742.0000,2756.0000,272898,492874
2018-01-15,2750.0000,2816.0000,2740.0000,2810.0000,408078,541210
2018-01-16,2812.0000,2814.0000,2770.0000,2774.0000,318472,484716
2018-01-17,2770.0000,2796.0000,2752.0000,2774.0000,350108,481440
2018-01-18,2768.0000,2794.0000,2758.0000,2772.0000,297576,484864
2018-01-19,2774.0000,2780.0000,2732.0000,2754.0000,475360,470078
2018-01-22,2760.0000,2802.0000,2742.0000,2792.0000,359884,480026
2018-01-23,2790.0000,2806.0000,2762.0000,2780.0000,424584,458592
2018-01-24,2772.0000,2872.0000,2772.0000,2870.0000,856716,589084
2018-01-25,2872.0000,2952.0000,2860.0000,2924.0000,696722,623976
2018-01-26,2924.0000,2940.0000,2896.0000,2922.0000,470238,641782
2018-01-29,2920.0000,2966.0000,2918.0000,2936.0000,414336,659264
2018-01-30,2924.0000,2930.0000,2880.0000,2902.0000,521024,616576
2018-01-31,2898.0000,2910.0000,2872.0000,2906.0000,420318,617618
2018-02-01,2906.0000,2920.0000,2870.0000,2884.0000,537506,617032
2018-02-02,2892.0000,2940.0000,2882.0000,2898.0000,525228,615584
2018-02-05,2886.0000,2894.0000,2842.0000,2874.0000,618314,561972
2018-02-06,2872.0000,2880.0000,2806.0000,2818.0000,563614,538926
2018-02-07,2814.0000,2840.0000,2814.0000,2824.0000,279422,529950
2018-02-08,2810.0000,2832.0000,2772.0000,2776.0000,443934,512026
2018-02-09,2774.0000,2796.0000,2750.0000,2752.0000,334876,490808
2018-02-12,2750.0000,2758.0000,2710.0000,2716.0000,365532,489242
2018-02-13,2718.0000,2728.0000,2688.0000,2704.0000,283406,477644
2018-02-14,2704.0000,2728.0000,2658.0000,2688.0000,327316,459990
2018-02-22,2708.0000,2742.0000,2706.0000,2736.0000,226704,468044
2018-02-23,2738.0000,2788.0000,2738.0000,2784.0000,344770,485728
2018-02-26,2782.0000,2816.0000,2772.0000,2800.0000,324896,476110
2018-02-27,2796.0000,2800.0000,2780.0000,2786.0000,234988,477358
2018-02-28,2786.0000,2838.0000,2782.0000,2802.0000,541832,488060
2018-03-01,2806.0000,2820.0000,2766.0000,2786.0000,439814,489344
2018-03-02,2774.0000,2784.0000,2756.0000,2778.0000,340838,491498
2018-03-05,2774.0000,2812.0000,2726.0000,2728.0000,643398,519290
2018-03-06,2724.0000,2748.0000,2708.0000,2738.0000,342032,501680
2018-03-07,2750.0000,2756.0000,2716.0000,2720.0000,371676,516452
2018-03-08,2726.0000,2732.0000,2700.0000,2718.0000,352728,509678
2018-03-09,2718.0000,2746.0000,2688.0000,2706.0000,488074,494594
2018-03-12,2716.0000,2756.0000,2710.0000,2740.0000,407408,474066
2018-03-13,2736.0000,2740.0000,2672.0000,2676.0000,569074,509774
2018-03-14,2678.0000,2698.0000,2670.0000,2686.0000,402050,497552
2018-03-15,2700.0000,2706.0000,2684.0000,2700.0000,303830,487514
2018-03-16,2702.0000,2736.0000,2686.0000,2728.0000,359386,470624
2018-03-19,2728.0000,2776.0000,2722.0000,2770.0000,492128,471182
2018-03-20,2772.0000,2796.0000,2752.0000,2790.0000,404208,479028
2018-03-21,2798.0000,2826.0000,2786.0000,2796.0000,518132,469134
2018-03-22,2802.0000,2826.0000,2788.0000,2812.0000,417348,485508
2018-03-23,2804.0000,2832.0000,2764.0000,2794.0000,908388,457850
2018-03-26,2790.0000,2898.0000,2770.0000,2862.0000,1049200,464700
2018-03-27,2852.0000,2880.0000,2840.0000,2864.0000,490908,470772
2018-03-28,2882.0000,2882.0000,2834.0000,2850.0000,505138,476174
2018-03-29,2856.0000,2870.0000,2828.0000,2868.0000,518998,489444
2018-03-30,2868.0000,2910.0000,2844.0000,2902.0000,665394,519248
2018-04-02,2898.0000,2908.0000,2850.0000,2862.0000,478694,493138
2018-04-03,2856.0000,2862.0000,2804.0000,2810.0000,633026,479634
2018-04-04,2816.0000,2818.0000,2792.0000,2806.0000,357408,460814
2018-04-09,2798.0000,2798.0000,2754.0000,2772.0000,271710,449988
2018-04-10,2780.0000,2842.0000,2774.0000,2840.0000,480128,445848
2018-04-11,2852.0000,2874.0000,2834.0000,2842.0000,469222,469548
2018-04-12,2850.0000,2880.0000,2848.0000,2868.0000,443110,481018
2018-04-13,2856.0000,2876.0000,2836.0000,2862.0000,406744,489106
2018-04-16,2866.0000,2896.0000,2818.0000,2822.0000,475086,482216
2018-04-17,2822.0000,2866.0000,2818.0000,2854.0000,348198,475846
2018-04-18,2842.0000,2894.0000,2830.0000,2880.0000,487488,506370
2018-04-19,2898.0000,2918.0000,2884.0000,2912.0000,483402,523508
2018-04-20,2908.0000,2942.0000,2882.0000,2888.0000,628654,509156
2018-04-23,2878.0000,2900.0000,2866.0000,2894.0000,368788,494764
2018-04-24,2874.0000,2912.0000,2870.0000,2902.0000,450400,474956
2018-04-25,2894.0000,2906.0000,2822.0000,2830.0000,644878,459548
2018-04-26,2840.0000,2854.0000,2830.0000,2848.0000,270706,433610
2018-04-27,2856.0000,2862.0000,2848.0000,2850.0000,255176,405182
2018-05-02,2862.0000,2928.0000,2824.0000,2924.0000,378286,384236
2018-05-03,2916.0000,2936.0000,2912.0000,2930.0000,226720,394976
2018-05-04,2920.0000,2958.0000,2920.0000,2950.0000,333862,413486
2018-05-07,2954.0000,2986.0000,2952.0000,2976.0000,417572,423716
2018-05-08,2982.0000,3000.0000,2968.0000,2976.0000,266846,413132
2018-05-09,2972.0000,2992.0000,2952.0000,2980.0000,309096,420070
2018-05-10,2982.0000,3004.0000,2974.0000,3000.0000,363408,428974
2018-05-11,2998.0000,3028.0000,2978.0000,3022.0000,449340,441560
2018-05-14,3024.0000,3038.0000,3008.0000,3010.0000,282040,436652
2018-05-15,3018.0000,3040.0000,3004.0000,3018.0000,342506,436908
2018-05-16,3026.0000,3062.0000,3008.0000,3026.0000,464536,429530
2018-05-17,3020.0000,3054.0000,3014.0000,3038.0000,298712,424828
2018-05-18,3048.0000,3218.0000,3042.0000,3218.0000,928058,537770
2018-05-21,3236.0000,3314.0000,3206.0000,3258.0000,1069356,525936
2018-05-22,3252.0000,3294.0000,3238.0000,3254.0000,683462,550454
2018-05-23,3256.0000,3276.0000,3170.0000,3200.0000,847028,504296
2018-05-24,3196.0000,3206.0000,3160.0000,3194.0000,435784,503780
2018-05-25,3178.0000,3214.0000,3166.0000,3182.0000,502878,505052
2018-05-28,3142.0000,3144.0000,3088.0000,3116.0000,705290,461396
2018-05-29,3112.0000,3144.0000,3102.0000,3124.0000,299460,449472
2018-05-30,3130.0000,3156.0000,3068.0000,3112.0000,512136,415316
2018-05-31,3124.0000,3176.0000,3110.0000,3138.0000,456134,403550
2018-06-01,3126.0000,3162.0000,3126.0000,3156.0000,306368,399150
2018-06-04,3148.0000,3206.0000,3120.0000,3188.0000,606700,445080
2018-06-05,3184.0000,3214.0000,3130.0000,3170.0000,584486,443100
2018-06-06,3160.0000,3236.0000,3138.0000,3226.0000,673380,474990
2018-06-07,3218.0000,3270.0000,3208.0000,3262.0000,580920,496306
2018-06-08,3268.0000,3282.0000,3184.0000,3188.0000,603196,423898
2018-06-11,3188.0000,3210.0000,3172.0000,3190.0000,308904,418764
2018-06-12,3184.0000,3236.0000,3182.0000,3234.0000,360860,435966
2018-06-13,3228.0000,3230.0000,3146.0000,3148.0000,498992,420862
2018-06-14,3152.0000,3182.0000,3136.0000,3150.0000,342660,422426
2018-06-15,3160.0000,3176.0000,3116.0000,3162.0000,356332,410568
2018-06-19,3140.0000,3170.0000,3064.0000,3066.0000,388390,392574
2018-06-20,3062.0000,3110.0000,3054.0000,3088.0000,297652,383808
2018-06-21,3092.0000,3102.0000,3068.0000,3070.0000,259704,389404
2018-06-22,3060.0000,3098.0000,3022.0000,3034.0000,472420,385814
2018-06-25,3046.0000,3092.0000,3046.0000,3082.0000,296316,385750
2018-06-26,3090.0000,3092.0000,3044.0000,3082.0000,235094,392644
2018-06-27,3082.0000,3148.0000,3072.0000,3144.0000,511740,409244
2018-06-28,3148.0000,3188.0000,3144.0000,3166.0000,385058,413820
2018-06-29,3174.0000,3214.0000,3158.0000,3202.0000,398630,423954
2018-07-02,3208.0000,3226.0000,3176.0000,3182.0000,406046,415526
2018-07-03,3184.0000,3224.0000,3178.0000,3220.0000,305364,437098
2018-07-04,3224.0000,3234.0000,3184.0000,3210.0000,432562,434640
2018-07-05,3202.0000,3250.0000,3172.0000,3234.0000,520116,457550
2018-07-06,3238.0000,3258.0000,3210.0000,3246.0000,491206,477376
2018-07-09,3240.0000,3312.0000,3226.0000,3296.0000,651436,544870
2018-07-10,3298.0000,3332.0000,3280.0000,3316.0000,585452,554850
2018-07-11,3316.0000,3342.0000,3286.0000,3330.0000,582326,561160
2018-07-12,3320.0000,3328.0000,3240.0000,3262.0000,754114,500386
2018-07-13,3268.0000,3280.0000,3246.0000,3248.0000,326964,486010
2018-07-16,3256.0000,3272.0000,3232.0000,3246.0000,361266,476886
2018-07-17,3226.0000,3230.0000,3196.0000,3220.0000,523148,477584
2018-07-18,3226.0000,3226.0000,3208.0000,3216.0000,207486,468994
2018-07-19,3216.0000,3246.0000,3188.0000,3222.0000,537320,473234
2018-07-20,3210.0000,3272.0000,3204.0000,3258.0000,443906,502876
2018-07-23,3256.0000,3274.0000,3244.0000,3246.0000,311246,510348
2018-07-24,3264.0000,3314.0000,3258.0000,3288.0000,478330,511126
2018-07-25,3292.0000,3332.0000,3270.0000,3314.0000,487028,521540
2018-07-26,3314.0000,3316.0000,3272.0000,3284.0000,421256,499774
2018-07-27,3274.0000,3312.0000,3250.0000,3264.0000,465162,494338
2018-07-30,3268.0000,3368.0000,3262.0000,3316.0000,700842,505156
2018-07-31,3334.0000,3352.0000,3310.0000,3310.0000,369512,494450
2018-08-01,3308.0000,3326.0000,3242.0000,3244.0000,574470,482852
2018-08-02,3236.0000,3268.0000,3218.0000,3258.0000,428180,471658
2018-08-03,3248.0000,3342.0000,3230.0000,3322.0000,838368,489126
2018-08-06,3322.0000,3332.0000,3256.0000,3326.0000,776948,488726
2018-08-07,3334.0000,3444.0000,3334.0000,3418.0000,1271940,545536
2018-08-08,3428.0000,3454.0000,3372.0000,3404.0000,743564,534456
2018-08-09,3386.0000,3418.0000,3340.0000,3368.0000,691658,544734
2018-08-10,3374.0000,3398.0000,3344.0000,3354.0000,526448,545028
2018-08-13,3364.0000,3430.0000,3364.0000,3408.0000,712512,559898
2018-08-14,3408.0000,3440.0000,3370.0000,3370.0000,648260,549988
2018-08-15,3382.0000,3394.0000,3338.0000,3362.0000,557682,549098
2018-08-16,3354.0000,3380.0000,3202.0000,3274.0000,911198,496112
2018-08-17,3280.0000,3288.0000,3248.0000,3266.0000,404252,479162
2018-08-20,3282.0000,3322.0000,3238.0000,3288.0000,587252,487342
2018-08-21,3284.0000,3310.0000,3256.0000,3268.0000,439154,489324
2018-08-22,3280.0000,3318.0000,3248.0000,3266.0000,672068,509898
2018-08-23,3286.0000,3314.0000,3268.0000,3268.0000,616204,499224
2018-08-24,3266.0000,3354.0000,3228.0000,3336.0000,745332,489840
2018-08-27,3334.0000,3384.0000,3318.0000,3360.0000,494222,479940
2018-08-28,3370.0000,3380.0000,3338.0000,3354.0000,355194,477124
2018-08-29,3358.0000,3388.0000,3338.0000,3368.0000,361316,472390
2018-08-30,3378.0000,3442.0000,3366.0000,3432.0000,714752,505866
2018-08-31,3436.0000,3496.0000,3412.0000,3478.0000,807762,538968
2018-09-03,3484.0000,3486.0000,3438.0000,3474.0000,550318,547094
2018-09-04,3478.0000,3510.0000,3442.0000,3458.0000,599740,555330
2018-09-05,3474.0000,3484.0000,3426.0000,3444.0000,506192,544658
2018-09-06,3442.0000,3514.0000,3442.0000,3514.0000,800258,620362
2018-09-07,3528.0000,3624.0000,3520.0000,3572.0000,1391974,708400
2018-09-10,3578.0000,3758.0000,3566.0000,3756.0000,1600886,818832
2018-09-11,3764.0000,3774.0000,3596.0000,3618.0000,2152508,724268
2018-09-12,3618.0000,3672.0000,3586.0000,3640.0000,1534506,700936
2018-09-13,3640.0000,3652.0000,3598.0000,3636.0000,813816,688856
2018-09-14,3642.0000,3652.0000,3598.0000,3632.0000,837882,688098
2018-09-17,3646.0000,3700.0000,3554.0000,3584.0000,1464504,660056
2018-09-18,3582.0000,3600.0000,3536.0000,3576.0000,783094,628624
2018-09-19,3592.0000,3638.0000,3566.0000,3634.0000,838950,614090
2018-09-20,3638.0000,3708.0000,3630.0000,3668.0000,1036472,608696
2018-09-21,3666.0000,3682.0000,3648.0000,3674.0000,645898,558236
2018-09-25,3702.0000,3750.0000,3686.0000,3698.0000,738680,582674
2018-09-26,3696.0000,3726.0000,3654.0000,3674.0000,688036,594668
2018-09-27,3658.0000,3720.0000,3618.0000,3708.0000,978996,604936
2018-09-28,3708.0000,3726.0000,3664.0000,3698.0000,798586,549430
2018-10-08,3782.0000,3790.0000,3718.0000,3754.0000,367254,574746
2018-10-09,3750.0000,3848.0000,3738.0000,3832.0000,1042656,617108
2018-10-10,3834.0000,3838.0000,3776.0000,3794.0000,651606,582644
2018-10-11,3788.0000,3802.0000,3698.0000,3712.0000,759692,559512
2018-10-12,3716.0000,3752.0000,3710.0000,3742.0000,511034,562752
2018-10-15,3746.0000,3756.0000,3694.0000,3718.0000,679960,578140
2018-10-16,3716.0000,3718.0000,3646.0000,3658.0000,918190,585772
2018-10-17,3658.0000,3708.0000,3650.0000,3702.0000,510880,580540
2018-10-18,3690.0000,3696.0000,3598.0000,3628.0000,814982,545914
2018-10-19,3596.0000,3636.0000,3592.0000,3618.0000,411412,533220
2018-10-22,3630.0000,3668.0000,3620.0000,3636.0000,505228,494726
2018-10-23,3628.0000,3636.0000,3590.0000,3600.0000,547220,485660
2018-10-24,3574.0000,3580.0000,3508.0000,3522.0000,840912,471560
2018-10-25,3526.0000,3542.0000,3448.0000,3468.0000,678908,459942
2018-10-26,3484.0000,3490.0000,3448.0000,3458.0000,452540,435926
2018-10-29,3460.0000,3490.0000,3402.0000,3442.0000,666514,390642
2018-10-30,3450.0000,3476.0000,3426.0000,3432.0000,428844,367542
2018-10-31,3414.0000,3456.0000,3348.0000,3450.0000,832064,372794
2018-11-01,3448.0000,3448.0000,3370.0000,3388.0000,610224,363278
2018-11-02,3384.0000,3406.0000,3284.0000,3322.0000,662274,354872
2018-11-05,3316.0000,3352.0000,3288.0000,3342.0000,432720,328212
2018-11-06,3348.0000,3368.0000,3330.0000,3342.0000,410008,331952
2018-11-07,3338.0000,3382.0000,3320.0000,3362.0000,597628,369280
2018-11-08,3386.0000,3440.0000,3382.0000,3424.0000,614322,378214
2018-11-09,3424.0000,3428.0000,3376.0000,3384.0000,419966,378028
2018-11-12,3366.0000,3366.0000,3224.0000,3330.0000,1137444,350438
2018-11-13,3334.0000,3352.0000,3272.0000,3286.0000,647656,344704
2018-11-14,3290.0000,3306.0000,3110.0000,3136.0000,828310,340590
2018-11-15,3140.0000,3190.0000,3140.0000,3186.0000,546390,336486
2018-11-16,3196.0000,3216.0000,3164.0000,3190.0000,456408,327618
2018-11-19,3204.0000,3206.0000,3114.0000,3140.0000,561408,342374
2018-11-20,3122.0000,3140.0000,3090.0000,3112.0000,472954,335796
2018-11-21,3108.0000,3112.0000,2942.0000,2996.0000,690482,312530
2018-11-22,3012.0000,3014.0000,2930.0000,2950.0000,519802,323438
2018-11-23,2946.0000,2964.0000,2816.0000,2846.0000,766402,353672
2018-11-26,2822.0000,2826.0000,2714.0000,2744.0000,764498,379026
